"ProblemID","SubjectID","StartOrder","FirstCorrect","EverCorrect","UsedHint","Attempts","pCorrectForProblem","medAttemptsForProblem","priorPercentCorrect","priorPercentCompleted","priorAttempts","prediction","fold"
"helloWorld","S049",1938,TRUE,TRUE,FALSE,1,0.53030303030303,1,0.5,0.5,0,FALSE,0
"doubleX","S049",1939,TRUE,TRUE,FALSE,1,0.966101694915254,1,1,1,1,TRUE,0
"raiseToPower","S049",1940,TRUE,TRUE,FALSE,1,0.886792452830189,1,1,1,2,TRUE,0
"convertToDegrees","S049",1941,FALSE,TRUE,FALSE,4,0.38,1,1,1,3,FALSE,0
"isPunctuation","S049",1945,FALSE,TRUE,FALSE,2,0.125,3,0.75,1,4,FALSE,0
"findRoot","S049",1970,TRUE,TRUE,FALSE,1,0.459459459459459,1,0.6,1,5,FALSE,0
"intToFloat","S049",1975,TRUE,TRUE,FALSE,1,0.878048780487805,1,0.666666666666667,1,6,TRUE,0
"leftoverCandy","S049",1978,FALSE,TRUE,FALSE,7,0.761904761904762,1,0.714285714285714,1,7,TRUE,0
"howManyEggCartons","S049",2037,FALSE,FALSE,FALSE,14,0.216216216216216,3,0.625,1,8,FALSE,0
"backwardsCombine","S049",2884,FALSE,FALSE,FALSE,1,0.772727272727273,1,0.555555555555556,0.888888888888889,9,TRUE,0
"helloWorld","S194",2406,TRUE,TRUE,FALSE,1,0.53030303030303,1,0.5,0.5,0,FALSE,0
"doubleX","S194",2407,TRUE,TRUE,FALSE,1,0.966101694915254,1,1,1,1,TRUE,0
"raiseToPower","S194",2408,TRUE,TRUE,FALSE,1,0.886792452830189,1,1,1,2,TRUE,0
"convertToDegrees","S194",2410,FALSE,FALSE,TRUE,2,0.38,1,1,1,3,FALSE,0
"isPunctuation","S194",2423,FALSE,FALSE,TRUE,0,0.125,3,0.75,0.75,4,FALSE,0
"helloWorld","S198",1354,FALSE,TRUE,FALSE,3,0.53030303030303,1,0.5,0.5,0,FALSE,0
"helloWorld","S378",77,TRUE,TRUE,FALSE,1,0.53030303030303,1,0.5,0.5,0,FALSE,0
"doubleX","S378",78,TRUE,TRUE,FALSE,1,0.966101694915254,1,1,1,1,TRUE,0
"helloWorld","S430",1576,FALSE,TRUE,FALSE,8,0.53030303030303,1,0.5,0.5,0,FALSE,0
"doubleX","S430",1584,TRUE,TRUE,FALSE,1,0.966101694915254,1,0,1,1,TRUE,0
"raiseToPower","S430",1587,TRUE,TRUE,FALSE,1,0.886792452830189,1,0.5,1,2,TRUE,0
"convertToDegrees","S430",1588,TRUE,TRUE,FALSE,1,0.38,1,0.666666666666667,1,3,FALSE,0
"findRoot","S430",1589,TRUE,TRUE,FALSE,1,0.459459459459459,1,0.75,1,4,FALSE,0
"intToFloat","S430",1590,TRUE,TRUE,FALSE,1,0.878048780487805,1,0.8,1,5,TRUE,0
"leftoverCandy","S430",1591,TRUE,TRUE,FALSE,1,0.761904761904762,1,0.833333333333333,1,6,TRUE,0
"howManyEggCartons","S430",1592,TRUE,TRUE,FALSE,1,0.216216216216216,3,0.857142857142857,1,7,FALSE,0
"kthDigit","S430",1593,FALSE,TRUE,FALSE,2,0.171428571428571,3,0.875,1,8,FALSE,0
"nearestBusStop","S430",1595,FALSE,TRUE,FALSE,15,0.161290322580645,2,0.777777777777778,1,9,FALSE,0
"overNineThousand","S430",1610,FALSE,TRUE,FALSE,2,0.724137931034483,1,0.7,1,10,TRUE,0
"hasTwoDigits","S430",1612,FALSE,TRUE,FALSE,12,0.413793103448276,2,0.636363636363636,1,11,FALSE,0
"canDrinkAlcohol","S430",1624,TRUE,TRUE,FALSE,1,0.296296296296296,3,0.583333333333333,1,12,FALSE,0
"isEvenPositiveInt","S430",1625,FALSE,FALSE,TRUE,14,0.181818181818182,3,0.615384615384615,1,13,FALSE,0
"helloWorld","S469",87,FALSE,TRUE,FALSE,5,0.53030303030303,1,0.5,0.5,0,FALSE,0
"doubleX","S469",92,TRUE,TRUE,FALSE,1,0.966101694915254,1,0,1,1,TRUE,0
"raiseToPower","S469",93,TRUE,TRUE,FALSE,1,0.886792452830189,1,0.5,1,2,TRUE,0
"convertToDegrees","S469",94,FALSE,FALSE,FALSE,2,0.38,1,0.666666666666667,1,3,FALSE,0
"findRoot","S469",96,FALSE,FALSE,FALSE,1,0.459459459459459,1,0.5,0.75,4,FALSE,0
"intToFloat","S469",97,TRUE,TRUE,FALSE,1,0.878048780487805,1,0.4,0.6,5,TRUE,0
"leftoverCandy","S469",100,TRUE,TRUE,FALSE,1,0.761904761904762,1,0.5,0.666666666666667,6,TRUE,0
"howManyEggCartons","S469",104,FALSE,TRUE,FALSE,4,0.216216216216216,3,0.571428571428571,0.714285714285714,7,FALSE,0
"helloWorld","S537",861,FALSE,TRUE,TRUE,6,0.53030303030303,1,0.5,0.5,0,FALSE,0
"doubleX","S537",871,FALSE,TRUE,TRUE,3,0.966101694915254,1,0,1,1,TRUE,0
"raiseToPower","S537",875,FALSE,TRUE,FALSE,2,0.886792452830189,1,0,1,2,TRUE,0
"convertToDegrees","S537",877,FALSE,TRUE,FALSE,3,0.38,1,0,1,3,FALSE,0
"findRoot","S537",880,FALSE,FALSE,FALSE,1,0.459459459459459,1,0,1,4,FALSE,0
"intToFloat","S537",881,TRUE,TRUE,FALSE,1,0.878048780487805,1,0,0.8,5,TRUE,0
"leftoverCandy","S537",882,TRUE,TRUE,FALSE,1,0.761904761904762,1,0.166666666666667,0.833333333333333,6,TRUE,0
"howManyEggCartons","S537",883,TRUE,TRUE,FALSE,1,0.216216216216216,3,0.285714285714286,0.857142857142857,7,FALSE,0
"kthDigit","S537",884,FALSE,TRUE,TRUE,7,0.171428571428571,3,0.375,0.875,8,FALSE,0
"oneToN","S537",896,FALSE,TRUE,TRUE,11,0.208333333333333,7,0.333333333333333,0.888888888888889,9,FALSE,0
"nearestBusStop","S537",1372,FALSE,FALSE,FALSE,1,0.161290322580645,2,0.3,0.9,10,FALSE,0
"overNineThousand","S537",1640,FALSE,TRUE,FALSE,2,0.724137931034483,1,0.272727272727273,0.818181818181818,11,TRUE,0
"hasTwoDigits","S537",1642,FALSE,TRUE,FALSE,2,0.413793103448276,2,0.25,0.833333333333333,12,FALSE,0
"canDrinkAlcohol","S537",1644,TRUE,TRUE,FALSE,1,0.296296296296296,3,0.230769230769231,0.846153846153846,13,FALSE,0
"isEvenPositiveInt","S537",1645,FALSE,TRUE,FALSE,7,0.181818181818182,3,0.285714285714286,0.857142857142857,14,FALSE,0
"backwardsCombine","S537",2150,TRUE,TRUE,FALSE,1,0.772727272727273,1,0.266666666666667,0.866666666666667,15,TRUE,0
"firstAndLast","S537",2151,TRUE,TRUE,FALSE,1,0.380952380952381,2,0.3125,0.875,16,FALSE,0
"singlePigLatin","S537",2234,TRUE,TRUE,FALSE,1,0.333333333333333,3,0.352941176470588,0.882352941176471,17,FALSE,0
"isPunctuation","S537",2235,FALSE,TRUE,FALSE,6,0.125,3,0.388888888888889,0.888888888888889,18,FALSE,0
"nearestBusStop","S002",1373,TRUE,TRUE,FALSE,1,0.148148148148148,2,0.5,0.5,0,FALSE,1
"backwardsCombine","S002",1374,TRUE,TRUE,FALSE,1,0.75,1,1,1,1,TRUE,1
"firstAndLast","S002",1375,FALSE,TRUE,TRUE,15,0.444444444444444,2,1,1,2,FALSE,1
"singlePigLatin","S002",1398,FALSE,TRUE,TRUE,6,0.388888888888889,2,0.666666666666667,1,3,FALSE,1
"hasTwoDigits","S002",1405,FALSE,TRUE,FALSE,2,0.384615384615385,2,0.5,1,4,FALSE,1
"isEvenPositiveInt","S002",1407,FALSE,TRUE,FALSE,4,0.2,3.5,0.4,1,5,FALSE,1
"helloWorld","S045",2525,FALSE,TRUE,FALSE,4,0.522388059701492,1,0.5,0.5,0,FALSE,1
"doubleX","S045",2530,TRUE,TRUE,FALSE,1,0.95,1,0,1,1,TRUE,1
"raiseToPower","S045",2531,TRUE,TRUE,FALSE,1,0.867924528301887,1,0.5,1,2,TRUE,1
"convertToDegrees","S045",2535,TRUE,TRUE,FALSE,1,0.34,1.5,0.666666666666667,1,3,FALSE,1
"isPunctuation","S045",2537,FALSE,FALSE,FALSE,3,0.125,2,0.75,1,4,FALSE,1
"intToFloat","S045",2542,TRUE,TRUE,FALSE,1,0.925,1,0.6,0.8,5,TRUE,1
"howManyEggCartons","S045",2544,FALSE,FALSE,FALSE,3,0.25,2.5,0.666666666666667,0.833333333333333,6,FALSE,1
"leftoverCandy","S045",2545,TRUE,TRUE,FALSE,1,0.75609756097561,1,0.571428571428571,0.714285714285714,7,TRUE,1
"kthDigit","S045",2549,FALSE,FALSE,FALSE,2,0.15625,3,0.625,0.75,8,FALSE,1
"nearestBusStop","S045",2555,FALSE,FALSE,FALSE,5,0.148148148148148,2,0.555555555555556,0.666666666666667,9,FALSE,1
"backwardsCombine","S045",2569,TRUE,TRUE,FALSE,1,0.75,1,0.5,0.6,10,TRUE,1
"firstAndLast","S045",2573,TRUE,TRUE,FALSE,1,0.444444444444444,2,0.545454545454545,0.636363636363636,11,FALSE,1
"singlePigLatin","S045",2578,TRUE,TRUE,FALSE,1,0.388888888888889,2,0.583333333333333,0.666666666666667,12,FALSE,1
"overNineThousand","S045",2580,FALSE,TRUE,TRUE,2,0.740740740740741,1,0.615384615384615,0.692307692307692,13,TRUE,1
"hasTwoDigits","S045",2583,FALSE,FALSE,TRUE,3,0.384615384615385,2,0.571428571428571,0.714285714285714,14,FALSE,1
"oneToN","S065",1158,FALSE,FALSE,FALSE,4,0.238095238095238,7,0.5,0.5,0,FALSE,1
"helloWorld","S082",1568,FALSE,TRUE,TRUE,6,0.522388059701492,1,0.5,0.5,0,FALSE,1
"helloWorld","S170",2143,FALSE,TRUE,FALSE,4,0.522388059701492,1,0.5,0.5,0,FALSE,1
"doubleX","S170",2147,TRUE,TRUE,FALSE,1,0.95,1,0,1,1,TRUE,1
"raiseToPower","S170",2148,TRUE,TRUE,FALSE,1,0.867924528301887,1,0.5,1,2,TRUE,1
"convertToDegrees","S170",2154,FALSE,FALSE,FALSE,2,0.34,1.5,0.666666666666667,1,3,FALSE,1
"isPunctuation","S170",2160,FALSE,FALSE,TRUE,7,0.125,2,0.5,0.75,4,FALSE,1
"findRoot","S170",2166,FALSE,FALSE,FALSE,1,0.513513513513513,1,0.4,0.6,5,FALSE,1
"intToFloat","S170",2169,FALSE,TRUE,FALSE,2,0.925,1,0.333333333333333,0.5,6,TRUE,1
"leftoverCandy","S170",2210,TRUE,TRUE,FALSE,1,0.75609756097561,1,0.285714285714286,0.571428571428571,7,TRUE,1
"howManyEggCartons","S170",2211,FALSE,TRUE,FALSE,2,0.25,2.5,0.375,0.625,8,FALSE,1
"kthDigit","S170",2217,FALSE,TRUE,FALSE,5,0.15625,3,0.333333333333333,0.666666666666667,9,FALSE,1
"firstAndLast","S170",2224,FALSE,TRUE,FALSE,3,0.444444444444444,2,0.3,0.7,10,FALSE,1
"backwardsCombine","S170",2227,TRUE,TRUE,FALSE,1,0.75,1,0.272727272727273,0.727272727272727,11,TRUE,1
"singlePigLatin","S170",2877,FALSE,TRUE,FALSE,3,0.388888888888889,2,0.333333333333333,0.75,12,FALSE,1
"overNineThousand","S170",2880,TRUE,TRUE,FALSE,1,0.740740740740741,1,0.307692307692308,0.769230769230769,13,TRUE,1
"hasTwoDigits","S170",2881,FALSE,TRUE,FALSE,2,0.384615384615385,2,0.357142857142857,0.785714285714286,14,FALSE,1
"canDrinkAlcohol","S170",2925,FALSE,TRUE,FALSE,4,0.346153846153846,2,0.333333333333333,0.8,15,FALSE,1
"isEvenPositiveInt","S170",2929,FALSE,FALSE,TRUE,1,0.2,3.5,0.3125,0.8125,16,FALSE,1
"oneToN","S170",2999,FALSE,TRUE,TRUE,25,0.238095238095238,7,0.294117647058824,0.764705882352941,17,FALSE,1
"nearestBusStop","S170",3081,FALSE,TRUE,FALSE,4,0.148148148148148,2,0.277777777777778,0.777777777777778,18,FALSE,1
"helloWorld","S211",1947,TRUE,TRUE,FALSE,1,0.522388059701492,1,0.5,0.5,0,FALSE,1
"doubleX","S211",1948,TRUE,TRUE,FALSE,1,0.95,1,1,1,1,TRUE,1
"raiseToPower","S211",1949,TRUE,TRUE,FALSE,1,0.867924528301887,1,1,1,2,TRUE,1
"convertToDegrees","S211",1950,FALSE,TRUE,TRUE,2,0.34,1.5,1,1,3,FALSE,1
"isPunctuation","S211",1953,FALSE,TRUE,TRUE,7,0.125,2,0.75,1,4,FALSE,1
"findRoot","S211",1960,FALSE,TRUE,FALSE,2,0.513513513513513,1,0.6,1,5,FALSE,1
"leftoverCandy","S211",1962,TRUE,TRUE,FALSE,1,0.75609756097561,1,0.5,1,6,TRUE,1
"intToFloat","S211",1963,TRUE,TRUE,FALSE,1,0.925,1,0.571428571428571,1,7,TRUE,1
"howManyEggCartons","S211",1964,FALSE,FALSE,TRUE,7,0.25,2.5,0.625,1,8,FALSE,1
"kthDigit","S211",1974,FALSE,FALSE,TRUE,4,0.15625,3,0.555555555555556,0.888888888888889,9,FALSE,1
"nearestBusStop","S211",1987,FALSE,FALSE,TRUE,8,0.148148148148148,2,0.5,0.8,10,FALSE,1
"backwardsCombine","S211",2005,FALSE,TRUE,TRUE,8,0.75,1,0.454545454545455,0.727272727272727,11,TRUE,1
"firstAndLast","S211",2014,FALSE,TRUE,TRUE,3,0.444444444444444,2,0.416666666666667,0.75,12,FALSE,1
"singlePigLatin","S211",2019,FALSE,TRUE,TRUE,9,0.388888888888889,2,0.384615384615385,0.769230769230769,13,FALSE,1
"overNineThousand","S211",2032,FALSE,TRUE,FALSE,2,0.740740740740741,1,0.357142857142857,0.785714285714286,14,TRUE,1
"hasTwoDigits","S211",2039,TRUE,TRUE,FALSE,1,0.384615384615385,2,0.333333333333333,0.8,15,FALSE,1
"canDrinkAlcohol","S211",2046,FALSE,TRUE,FALSE,3,0.346153846153846,2,0.375,0.8125,16,FALSE,1
"isEvenPositiveInt","S211",2053,FALSE,TRUE,TRUE,16,0.2,3.5,0.352941176470588,0.823529411764706,17,FALSE,1
"oneToN","S211",2123,FALSE,TRUE,TRUE,7,0.238095238095238,7,0.333333333333333,0.833333333333333,18,FALSE,1
"helloWorld","S307",253,TRUE,TRUE,FALSE,1,0.522388059701492,1,0.5,0.5,0,FALSE,1
"doubleX","S307",259,TRUE,TRUE,FALSE,1,0.95,1,1,1,1,TRUE,1
"raiseToPower","S307",260,TRUE,TRUE,FALSE,1,0.867924528301887,1,1,1,2,TRUE,1
"convertToDegrees","S307",271,TRUE,TRUE,FALSE,1,0.34,1.5,1,1,3,FALSE,1
"findRoot","S307",279,FALSE,FALSE,FALSE,1,0.513513513513513,1,1,1,4,TRUE,1
"intToFloat","S307",281,TRUE,TRUE,FALSE,1,0.925,1,0.8,0.8,5,TRUE,1
"leftoverCandy","S307",282,TRUE,TRUE,FALSE,1,0.75609756097561,1,0.833333333333333,0.833333333333333,6,TRUE,1
"howManyEggCartons","S307",776,FALSE,TRUE,FALSE,3,0.25,2.5,0.857142857142857,0.857142857142857,7,FALSE,1
"kthDigit","S307",780,TRUE,TRUE,FALSE,1,0.15625,3,0.75,0.875,8,FALSE,1
"nearestBusStop","S307",1067,FALSE,FALSE,TRUE,0,0.148148148148148,2,0.777777777777778,0.888888888888889,9,FALSE,1
"oneToN","S412",675,FALSE,TRUE,TRUE,20,0.238095238095238,7,0.5,0.5,0,FALSE,1
"helloWorld","S642",923,TRUE,TRUE,FALSE,1,0.522388059701492,1,0.5,0.5,0,FALSE,1
"doubleX","S642",925,TRUE,TRUE,FALSE,1,0.95,1,1,1,1,TRUE,1
"raiseToPower","S642",928,TRUE,TRUE,FALSE,1,0.867924528301887,1,1,1,2,TRUE,1
"convertToDegrees","S642",932,TRUE,TRUE,FALSE,1,0.34,1.5,1,1,3,FALSE,1
"findRoot","S642",935,FALSE,FALSE,FALSE,2,0.513513513513513,1,1,1,4,TRUE,1
"intToFloat","S642",943,FALSE,TRUE,FALSE,2,0.925,1,0.8,0.8,5,TRUE,1
"leftoverCandy","S642",945,FALSE,TRUE,FALSE,3,0.75609756097561,1,0.666666666666667,0.833333333333333,6,TRUE,1
"howManyEggCartons","S642",948,TRUE,TRUE,FALSE,1,0.25,2.5,0.571428571428571,0.857142857142857,7,FALSE,1
"kthDigit","S642",949,FALSE,TRUE,FALSE,2,0.15625,3,0.625,0.875,8,FALSE,1
"nearestBusStop","S642",951,FALSE,TRUE,FALSE,2,0.148148148148148,2,0.555555555555556,0.888888888888889,9,FALSE,1
"overNineThousand","S642",953,FALSE,TRUE,FALSE,3,0.740740740740741,1,0.5,0.9,10,TRUE,1
"hasTwoDigits","S642",956,TRUE,TRUE,FALSE,1,0.384615384615385,2,0.454545454545455,0.909090909090909,11,FALSE,1
"canDrinkAlcohol","S642",957,TRUE,TRUE,FALSE,1,0.346153846153846,2,0.5,0.916666666666667,12,FALSE,1
"isEvenPositiveInt","S642",958,FALSE,TRUE,FALSE,3,0.2,3.5,0.538461538461538,0.923076923076923,13,FALSE,1
"helloWorld","S054",1762,FALSE,TRUE,FALSE,2,0.53030303030303,1,0.5,0.5,0,FALSE,2
"doubleX","S054",1765,TRUE,TRUE,FALSE,1,0.964912280701754,1,0,1,1,TRUE,2
"raiseToPower","S054",1766,FALSE,TRUE,FALSE,2,0.882352941176471,1,0.5,1,2,TRUE,2
"convertToDegrees","S054",1768,FALSE,FALSE,FALSE,3,0.408163265306122,1,0.333333333333333,1,3,FALSE,2
"isPunctuation","S054",1771,FALSE,FALSE,FALSE,5,0.12,3,0.25,0.75,4,FALSE,2
"intToFloat","S054",1776,TRUE,TRUE,FALSE,1,0.904761904761905,1,0.2,0.6,5,TRUE,2
"howManyEggCartons","S054",1777,FALSE,FALSE,FALSE,10,0.263157894736842,2.5,0.333333333333333,0.666666666666667,6,FALSE,2
"leftoverCandy","S054",1778,TRUE,TRUE,FALSE,1,0.761904761904762,1,0.285714285714286,0.571428571428571,7,TRUE,2
"helloWorld","S062",2704,FALSE,TRUE,FALSE,4,0.53030303030303,1,0.5,0.5,0,FALSE,2
"doubleX","S062",2709,FALSE,TRUE,FALSE,2,0.964912280701754,1,0,1,1,TRUE,2
"raiseToPower","S062",2712,TRUE,TRUE,FALSE,1,0.882352941176471,1,0,1,2,TRUE,2
"convertToDegrees","S062",2714,FALSE,FALSE,FALSE,2,0.408163265306122,1,0.333333333333333,1,3,FALSE,2
"isPunctuation","S062",2716,FALSE,FALSE,TRUE,0,0.12,3,0.25,0.75,4,FALSE,2
"findRoot","S062",2719,FALSE,FALSE,TRUE,7,0.461538461538462,1,0.2,0.6,5,FALSE,2
"intToFloat","S062",2728,FALSE,FALSE,FALSE,1,0.904761904761905,1,0.166666666666667,0.5,6,TRUE,2
"leftoverCandy","S062",2729,FALSE,TRUE,FALSE,3,0.761904761904762,1,0.142857142857143,0.428571428571429,7,TRUE,2
"howManyEggCartons","S062",2731,FALSE,FALSE,FALSE,6,0.263157894736842,2.5,0.125,0.5,8,FALSE,2
"kthDigit","S062",2738,FALSE,FALSE,TRUE,14,0.171428571428571,3,0.111111111111111,0.444444444444444,9,FALSE,2
"helloWorld","S074",1650,TRUE,TRUE,FALSE,1,0.53030303030303,1,0.5,0.5,0,FALSE,2
"doubleX","S074",1651,TRUE,TRUE,FALSE,1,0.964912280701754,1,1,1,1,TRUE,2
"raiseToPower","S074",1652,TRUE,TRUE,FALSE,1,0.882352941176471,1,1,1,2,TRUE,2
"convertToDegrees","S074",1653,FALSE,FALSE,TRUE,1,0.408163265306122,1,1,1,3,FALSE,2
"helloWorld","S085",1916,TRUE,TRUE,FALSE,1,0.53030303030303,1,0.5,0.5,0,FALSE,2
"doubleX","S085",1917,TRUE,TRUE,FALSE,1,0.964912280701754,1,1,1,1,TRUE,2
"raiseToPower","S085",1918,TRUE,TRUE,FALSE,1,0.882352941176471,1,1,1,2,TRUE,2
"convertToDegrees","S085",1919,FALSE,FALSE,FALSE,1,0.408163265306122,1,1,1,3,FALSE,2
"findRoot","S085",1920,TRUE,TRUE,FALSE,1,0.461538461538462,1,0.75,0.75,4,FALSE,2
"leftoverCandy","S085",1921,TRUE,TRUE,FALSE,1,0.761904761904762,1,0.8,0.8,5,TRUE,2
"intToFloat","S085",1922,TRUE,TRUE,FALSE,1,0.904761904761905,1,0.833333333333333,0.833333333333333,6,TRUE,2
"howManyEggCartons","S085",1924,FALSE,FALSE,FALSE,2,0.263157894736842,2.5,0.857142857142857,0.857142857142857,7,FALSE,2
"kthDigit","S085",1926,FALSE,TRUE,FALSE,7,0.171428571428571,3,0.75,0.75,8,FALSE,2
"helloWorld","S139",2781,TRUE,TRUE,FALSE,1,0.53030303030303,1,0.5,0.5,0,FALSE,2
"doubleX","S139",2782,TRUE,TRUE,FALSE,1,0.964912280701754,1,1,1,1,TRUE,2
"raiseToPower","S139",2783,TRUE,TRUE,FALSE,1,0.882352941176471,1,1,1,2,TRUE,2
"helloWorld","S334",79,FALSE,TRUE,TRUE,11,0.53030303030303,1,0.5,0.5,0,FALSE,2
"raiseToPower","S334",82,TRUE,TRUE,FALSE,1,0.882352941176471,1,0,1,1,TRUE,2
"doubleX","S334",111,TRUE,TRUE,FALSE,1,0.964912280701754,1,0.5,1,2,TRUE,2
"convertToDegrees","S334",114,FALSE,FALSE,FALSE,2,0.408163265306122,1,0.666666666666667,1,3,FALSE,2
"helloWorld","S444",965,FALSE,TRUE,FALSE,2,0.53030303030303,1,0.5,0.5,0,FALSE,2
"doubleX","S444",969,TRUE,TRUE,FALSE,1,0.964912280701754,1,0,1,1,TRUE,2
"raiseToPower","S444",970,TRUE,TRUE,FALSE,1,0.882352941176471,1,0.5,1,2,TRUE,2
"convertToDegrees","S444",1162,FALSE,TRUE,FALSE,2,0.408163265306122,1,0.666666666666667,1,3,FALSE,2
"doubleX","S523",22,TRUE,TRUE,FALSE,1,0.964912280701754,1,0.5,0.5,0,TRUE,2
"leftoverCandy","S523",2102,TRUE,TRUE,FALSE,1,0.761904761904762,1,1,1,1,TRUE,2
"oneToN","S707",16,TRUE,TRUE,FALSE,1,0.166666666666667,7.5,0.5,0.5,0,FALSE,2
"helloWorld","S058",1409,TRUE,TRUE,FALSE,1,0.461538461538462,2,0.5,0.5,0,FALSE,3
"backwardsCombine","S058",1410,TRUE,TRUE,FALSE,1,0.772727272727273,1,1,1,1,TRUE,3
"firstAndLast","S058",2034,TRUE,TRUE,FALSE,1,0.4,2,1,1,2,FALSE,3
"intToFloat","S058",2066,TRUE,TRUE,FALSE,1,0.871794871794872,1,1,1,3,TRUE,3
"doubleX","S058",2068,TRUE,TRUE,FALSE,1,0.946428571428571,1,1,1,4,TRUE,3
"raiseToPower","S058",2069,TRUE,TRUE,FALSE,1,0.882352941176471,1,1,1,5,TRUE,3
"convertToDegrees","S058",2071,TRUE,TRUE,FALSE,1,0.36734693877551,1,1,1,6,FALSE,3
"findRoot","S058",2072,FALSE,TRUE,FALSE,5,0.457142857142857,1,1,1,7,TRUE,3
"leftoverCandy","S058",2098,TRUE,TRUE,FALSE,1,0.725,1,0.875,1,8,TRUE,3
"howManyEggCartons","S058",2100,FALSE,FALSE,FALSE,1,0.257142857142857,3,0.888888888888889,1,9,FALSE,3
"doubleX","S112",2222,TRUE,TRUE,FALSE,1,0.946428571428571,1,0.5,0.5,0,TRUE,3
"helloWorld","S112",2223,TRUE,TRUE,FALSE,1,0.461538461538462,2,1,1,1,TRUE,3
"helloWorld","S127",3035,TRUE,TRUE,FALSE,1,0.461538461538462,2,0.5,0.5,0,FALSE,3
"doubleX","S127",3037,TRUE,TRUE,FALSE,1,0.946428571428571,1,1,1,1,TRUE,3
"raiseToPower","S127",3038,TRUE,TRUE,FALSE,1,0.882352941176471,1,1,1,2,TRUE,3
"convertToDegrees","S127",3039,FALSE,FALSE,FALSE,2,0.36734693877551,1,1,1,3,FALSE,3
"intToFloat","S127",3041,TRUE,TRUE,FALSE,1,0.871794871794872,1,0.75,0.75,4,TRUE,3
"findRoot","S127",3042,TRUE,TRUE,FALSE,1,0.457142857142857,1,0.8,0.8,5,FALSE,3
"howManyEggCartons","S127",3043,FALSE,FALSE,FALSE,4,0.257142857142857,3,0.833333333333333,0.833333333333333,6,FALSE,3
"leftoverCandy","S127",3044,TRUE,TRUE,FALSE,1,0.725,1,0.714285714285714,0.714285714285714,7,TRUE,3
"singlePigLatin","S127",3055,FALSE,TRUE,FALSE,2,0.4,2.5,0.75,0.75,8,FALSE,3
"overNineThousand","S127",3057,FALSE,FALSE,TRUE,7,0.653846153846154,1,0.666666666666667,0.777777777777778,9,TRUE,3
"hasTwoDigits","S127",3067,FALSE,TRUE,FALSE,4,0.384615384615385,2,0.6,0.7,10,FALSE,3
"canDrinkAlcohol","S127",3071,FALSE,FALSE,TRUE,3,0.291666666666667,2.5,0.545454545454545,0.727272727272727,11,FALSE,3
"isEvenPositiveInt","S127",3072,FALSE,FALSE,FALSE,2,0.2,3,0.5,0.666666666666667,12,FALSE,3
"oneToN","S127",3080,TRUE,TRUE,FALSE,1,0.142857142857143,8,0.461538461538462,0.615384615384615,13,FALSE,3
"doubleX","S377",1143,TRUE,TRUE,FALSE,1,0.946428571428571,1,0.5,0.5,0,TRUE,3
"helloWorld","S399",491,TRUE,TRUE,FALSE,1,0.461538461538462,2,0.5,0.5,0,FALSE,3
"raiseToPower","S399",492,FALSE,TRUE,FALSE,4,0.882352941176471,1,1,1,1,TRUE,3
"doubleX","S399",496,TRUE,TRUE,FALSE,1,0.946428571428571,1,0.5,1,2,TRUE,3
"convertToDegrees","S399",497,FALSE,TRUE,FALSE,3,0.36734693877551,1,0.666666666666667,1,3,FALSE,3
"findRoot","S399",500,FALSE,FALSE,FALSE,3,0.457142857142857,1,0.5,1,4,FALSE,3
"intToFloat","S399",503,TRUE,TRUE,FALSE,1,0.871794871794872,1,0.4,0.8,5,TRUE,3
"leftoverCandy","S399",504,TRUE,TRUE,FALSE,1,0.725,1,0.5,0.833333333333333,6,TRUE,3
"howManyEggCartons","S399",505,TRUE,TRUE,FALSE,1,0.257142857142857,3,0.571428571428571,0.857142857142857,7,FALSE,3
"kthDigit","S399",506,FALSE,TRUE,FALSE,10,0.181818181818182,3,0.625,0.875,8,FALSE,3
"nearestBusStop","S399",516,FALSE,TRUE,FALSE,7,0.172413793103448,2,0.555555555555556,0.888888888888889,9,FALSE,3
"overNineThousand","S399",523,TRUE,TRUE,FALSE,1,0.653846153846154,1,0.5,0.9,10,TRUE,3
"hasTwoDigits","S399",524,TRUE,TRUE,FALSE,1,0.384615384615385,2,0.545454545454545,0.909090909090909,11,FALSE,3
"canDrinkAlcohol","S399",525,TRUE,TRUE,FALSE,1,0.291666666666667,2.5,0.583333333333333,0.916666666666667,12,FALSE,3
"isEvenPositiveInt","S399",526,FALSE,TRUE,FALSE,4,0.2,3,0.615384615384615,0.923076923076923,13,FALSE,3
"oneToN","S399",540,FALSE,FALSE,FALSE,3,0.142857142857143,8,0.571428571428571,0.928571428571429,14,FALSE,3
"helloWorld","S535",119,TRUE,TRUE,FALSE,1,0.461538461538462,2,0.5,0.5,0,FALSE,3
"doubleX","S535",120,TRUE,TRUE,FALSE,1,0.946428571428571,1,1,1,1,TRUE,3
"raiseToPower","S535",121,TRUE,TRUE,FALSE,1,0.882352941176471,1,1,1,2,TRUE,3
"convertToDegrees","S535",122,FALSE,TRUE,FALSE,2,0.36734693877551,1,1,1,3,FALSE,3
"intToFloat","S535",124,TRUE,TRUE,FALSE,1,0.871794871794872,1,0.75,1,4,TRUE,3
"leftoverCandy","S535",125,TRUE,TRUE,FALSE,1,0.725,1,0.8,1,5,TRUE,3
"findRoot","S535",126,TRUE,TRUE,FALSE,1,0.457142857142857,1,0.833333333333333,1,6,FALSE,3
"howManyEggCartons","S535",127,FALSE,TRUE,FALSE,8,0.257142857142857,3,0.857142857142857,1,7,FALSE,3
"kthDigit","S535",135,FALSE,FALSE,TRUE,85,0.181818181818182,3,0.75,1,8,FALSE,3
"nearestBusStop","S535",251,FALSE,TRUE,FALSE,2,0.172413793103448,2,0.666666666666667,0.888888888888889,9,FALSE,3
"overNineThousand","S535",254,TRUE,TRUE,FALSE,1,0.653846153846154,1,0.6,0.9,10,TRUE,3
"hasTwoDigits","S535",255,TRUE,TRUE,FALSE,1,0.384615384615385,2,0.636363636363636,0.909090909090909,11,FALSE,3
"canDrinkAlcohol","S535",257,TRUE,TRUE,FALSE,1,0.291666666666667,2.5,0.666666666666667,0.916666666666667,12,FALSE,3
"isEvenPositiveInt","S535",261,FALSE,TRUE,FALSE,14,0.2,3,0.692307692307692,0.923076923076923,13,FALSE,3
"oneToN","S535",283,FALSE,TRUE,TRUE,11,0.142857142857143,8,0.642857142857143,0.928571428571429,14,FALSE,3
"backwardsCombine","S535",1534,FALSE,TRUE,FALSE,2,0.772727272727273,1,0.6,0.933333333333333,15,TRUE,3
"firstAndLast","S535",1536,FALSE,TRUE,FALSE,2,0.4,2,0.5625,0.9375,16,FALSE,3
"isPunctuation","S535",1538,TRUE,TRUE,FALSE,1,0.0769230769230769,3,0.529411764705882,0.941176470588235,17,FALSE,3
"singlePigLatin","S535",1543,FALSE,TRUE,FALSE,4,0.4,2.5,0.555555555555556,0.944444444444444,18,FALSE,3
"helloWorld","S539",1068,TRUE,TRUE,FALSE,1,0.461538461538462,2,0.5,0.5,0,FALSE,3
"doubleX","S539",1069,TRUE,TRUE,FALSE,1,0.946428571428571,1,1,1,1,TRUE,3
"raiseToPower","S539",1070,TRUE,TRUE,FALSE,1,0.882352941176471,1,1,1,2,TRUE,3
"convertToDegrees","S539",1071,TRUE,TRUE,FALSE,1,0.36734693877551,1,1,1,3,FALSE,3
"findRoot","S539",1072,FALSE,TRUE,FALSE,2,0.457142857142857,1,1,1,4,TRUE,3
"intToFloat","S539",1074,TRUE,TRUE,FALSE,1,0.871794871794872,1,0.8,1,5,TRUE,3
"leftoverCandy","S539",1075,TRUE,TRUE,FALSE,1,0.725,1,0.833333333333333,1,6,TRUE,3
"howManyEggCartons","S539",1076,FALSE,TRUE,FALSE,2,0.257142857142857,3,0.857142857142857,1,7,FALSE,3
"kthDigit","S539",1078,FALSE,TRUE,TRUE,6,0.181818181818182,3,0.75,1,8,FALSE,3
"nearestBusStop","S539",1085,FALSE,TRUE,FALSE,6,0.172413793103448,2,0.666666666666667,1,9,FALSE,3
"overNineThousand","S539",1091,TRUE,TRUE,FALSE,1,0.653846153846154,1,0.6,1,10,TRUE,3
"hasTwoDigits","S539",1093,FALSE,TRUE,TRUE,3,0.384615384615385,2,0.636363636363636,1,11,FALSE,3
"canDrinkAlcohol","S539",1100,FALSE,TRUE,FALSE,6,0.291666666666667,2.5,0.583333333333333,1,12,FALSE,3
"isEvenPositiveInt","S539",1106,FALSE,FALSE,TRUE,13,0.2,3,0.538461538461538,1,13,FALSE,3
"helloWorld","S608",23,TRUE,TRUE,FALSE,1,0.461538461538462,2,0.5,0.5,0,FALSE,3
"doubleX","S608",24,TRUE,TRUE,FALSE,1,0.946428571428571,1,1,1,1,TRUE,3
"raiseToPower","S608",26,TRUE,TRUE,FALSE,1,0.882352941176471,1,1,1,2,TRUE,3
"convertToDegrees","S608",27,FALSE,TRUE,FALSE,3,0.36734693877551,1,1,1,3,FALSE,3
"findRoot","S608",30,TRUE,TRUE,FALSE,1,0.457142857142857,1,0.75,1,4,FALSE,3
"intToFloat","S608",31,TRUE,TRUE,FALSE,1,0.871794871794872,1,0.8,1,5,TRUE,3
"leftoverCandy","S608",32,TRUE,TRUE,FALSE,1,0.725,1,0.833333333333333,1,6,TRUE,3
"howManyEggCartons","S608",33,FALSE,TRUE,FALSE,3,0.257142857142857,3,0.857142857142857,1,7,FALSE,3
"kthDigit","S608",39,FALSE,TRUE,FALSE,5,0.181818181818182,3,0.75,1,8,FALSE,3
"nearestBusStop","S608",47,FALSE,FALSE,FALSE,1,0.172413793103448,2,0.666666666666667,1,9,FALSE,3
"overNineThousand","S608",48,TRUE,TRUE,FALSE,1,0.653846153846154,1,0.6,0.9,10,TRUE,3
"hasTwoDigits","S608",49,FALSE,FALSE,FALSE,7,0.384615384615385,2,0.636363636363636,0.909090909090909,11,FALSE,3
"helloWorld","S658",316,TRUE,TRUE,FALSE,1,0.461538461538462,2,0.5,0.5,0,FALSE,3
"doubleX","S658",317,TRUE,TRUE,FALSE,1,0.946428571428571,1,1,1,1,TRUE,3
"raiseToPower","S658",321,TRUE,TRUE,FALSE,1,0.882352941176471,1,1,1,2,TRUE,3
"oneToN","S658",324,TRUE,TRUE,FALSE,1,0.142857142857143,8,1,1,3,FALSE,3
"canDrinkAlcohol","S658",388,TRUE,TRUE,FALSE,1,0.291666666666667,2.5,1,1,4,FALSE,3
"helloWorld","S014",1484,FALSE,TRUE,FALSE,2,0.515151515151515,1,0.5,0.5,0,FALSE,4
"doubleX","S014",1486,TRUE,TRUE,FALSE,1,0.949152542372881,1,0,1,1,TRUE,4
"raiseToPower","S014",1487,TRUE,TRUE,FALSE,1,0.867924528301887,1,0.5,1,2,TRUE,4
"convertToDegrees","S014",1488,FALSE,TRUE,FALSE,2,0.38,1,0.666666666666667,1,3,FALSE,4
"isPunctuation","S014",1490,FALSE,TRUE,TRUE,2,0.125,3,0.5,1,4,FALSE,4
"findRoot","S014",1493,FALSE,FALSE,FALSE,3,0.486486486486487,1,0.4,1,5,FALSE,4
"intToFloat","S014",2405,TRUE,TRUE,FALSE,1,0.902439024390244,1,0.333333333333333,0.833333333333333,6,TRUE,4
"leftoverCandy","S014",2409,FALSE,TRUE,FALSE,2,0.780487804878049,1,0.428571428571429,0.857142857142857,7,TRUE,4
"howManyEggCartons","S014",2412,FALSE,FALSE,TRUE,13,0.27027027027027,2,0.375,0.875,8,FALSE,4
"kthDigit","S014",2437,FALSE,FALSE,TRUE,3,0.181818181818182,3,0.333333333333333,0.777777777777778,9,FALSE,4
"canDrinkAlcohol","S023",1351,FALSE,FALSE,FALSE,3,0.384615384615385,2.5,0.5,0.5,0,FALSE,4
"helloWorld","S053",2245,TRUE,TRUE,FALSE,1,0.515151515151515,1,0.5,0.5,0,FALSE,4
"doubleX","S053",2246,TRUE,TRUE,FALSE,1,0.949152542372881,1,1,1,1,TRUE,4
"raiseToPower","S053",2247,TRUE,TRUE,FALSE,1,0.867924528301887,1,1,1,2,TRUE,4
"convertToDegrees","S053",2248,FALSE,TRUE,FALSE,2,0.38,1,1,1,3,FALSE,4
"isPunctuation","S053",2253,FALSE,FALSE,TRUE,5,0.125,3,0.75,1,4,FALSE,4
"findRoot","S053",2269,FALSE,TRUE,FALSE,3,0.486486486486487,1,0.6,0.8,5,FALSE,4
"intToFloat","S053",2273,FALSE,TRUE,TRUE,2,0.902439024390244,1,0.5,0.833333333333333,6,TRUE,4
"leftoverCandy","S053",2277,FALSE,TRUE,FALSE,2,0.780487804878049,1,0.428571428571429,0.857142857142857,7,TRUE,4
"howManyEggCartons","S053",2279,FALSE,FALSE,TRUE,8,0.27027027027027,2,0.375,0.875,8,FALSE,4
"kthDigit","S053",2289,FALSE,TRUE,FALSE,4,0.181818181818182,3,0.333333333333333,0.777777777777778,9,FALSE,4
"nearestBusStop","S053",2293,FALSE,TRUE,TRUE,2,0.166666666666667,2,0.3,0.8,10,FALSE,4
"backwardsCombine","S053",2296,TRUE,TRUE,FALSE,1,0.772727272727273,1,0.272727272727273,0.818181818181818,11,TRUE,4
"firstAndLast","S053",2298,TRUE,TRUE,FALSE,1,0.4,2,0.333333333333333,0.833333333333333,12,FALSE,4
"singlePigLatin","S053",2299,FALSE,TRUE,TRUE,8,0.4,2,0.384615384615385,0.846153846153846,13,FALSE,4
"overNineThousand","S053",2308,TRUE,TRUE,FALSE,1,0.678571428571429,1,0.357142857142857,0.857142857142857,14,TRUE,4
"hasTwoDigits","S053",2309,TRUE,TRUE,FALSE,1,0.379310344827586,2,0.4,0.866666666666667,15,FALSE,4
"canDrinkAlcohol","S053",2310,FALSE,TRUE,FALSE,2,0.384615384615385,2.5,0.4375,0.875,16,FALSE,4
"isEvenPositiveInt","S053",2312,FALSE,TRUE,TRUE,18,0.181818181818182,3.5,0.411764705882353,0.882352941176471,17,FALSE,4
"oneToN","S053",2333,FALSE,TRUE,TRUE,9,0.208333333333333,7,0.388888888888889,0.888888888888889,18,FALSE,4
"raiseToPower","S089",1694,TRUE,TRUE,FALSE,1,0.867924528301887,1,0.5,0.5,0,TRUE,4
"convertToDegrees","S089",1695,FALSE,FALSE,TRUE,2,0.38,1,1,1,1,FALSE,4
"isPunctuation","S089",1698,FALSE,FALSE,FALSE,2,0.125,3,0.5,0.5,2,FALSE,4
"intToFloat","S089",1699,TRUE,TRUE,FALSE,1,0.902439024390244,1,0.333333333333333,0.333333333333333,3,TRUE,4
"leftoverCandy","S089",1700,TRUE,TRUE,FALSE,1,0.780487804878049,1,0.5,0.5,4,TRUE,4
"howManyEggCartons","S089",1701,FALSE,FALSE,TRUE,10,0.27027027027027,2,0.6,0.6,5,FALSE,4
"kthDigit","S089",1712,FALSE,FALSE,FALSE,3,0.181818181818182,3,0.5,0.5,6,FALSE,4
"nearestBusStop","S089",1715,FALSE,FALSE,FALSE,2,0.166666666666667,2,0.428571428571429,0.428571428571429,7,FALSE,4
"backwardsCombine","S089",1717,FALSE,TRUE,FALSE,5,0.772727272727273,1,0.375,0.375,8,TRUE,4
"firstAndLast","S089",1722,FALSE,FALSE,TRUE,25,0.4,2,0.333333333333333,0.444444444444444,9,FALSE,4
"singlePigLatin","S089",1867,FALSE,FALSE,TRUE,3,0.4,2,0.3,0.4,10,FALSE,4
"overNineThousand","S089",1871,TRUE,TRUE,FALSE,1,0.678571428571429,1,0.272727272727273,0.363636363636364,11,FALSE,4
"hasTwoDigits","S089",1872,FALSE,FALSE,FALSE,10,0.379310344827586,2,0.333333333333333,0.416666666666667,12,FALSE,4
"canDrinkAlcohol","S089",1882,FALSE,FALSE,FALSE,2,0.384615384615385,2.5,0.307692307692308,0.384615384615385,13,FALSE,4
"isEvenPositiveInt","S089",1884,FALSE,FALSE,FALSE,2,0.181818181818182,3.5,0.285714285714286,0.357142857142857,14,FALSE,4
"helloWorld","S089",1886,TRUE,TRUE,FALSE,1,0.515151515151515,1,0.266666666666667,0.333333333333333,15,FALSE,4
"doubleX","S089",1887,TRUE,TRUE,FALSE,1,0.949152542372881,1,0.3125,0.375,16,TRUE,4
"findRoot","S089",1889,FALSE,FALSE,FALSE,4,0.486486486486487,1,0.352941176470588,0.411764705882353,17,FALSE,4
"helloWorld","S148",971,TRUE,TRUE,FALSE,1,0.515151515151515,1,0.5,0.5,0,FALSE,4
"doubleX","S148",972,TRUE,TRUE,FALSE,1,0.949152542372881,1,1,1,1,TRUE,4
"raiseToPower","S148",973,TRUE,TRUE,FALSE,1,0.867924528301887,1,1,1,2,TRUE,4
"convertToDegrees","S148",1065,FALSE,FALSE,FALSE,2,0.38,1,1,1,3,FALSE,4
"helloWorld","S592",661,TRUE,TRUE,FALSE,1,0.515151515151515,1,0.5,0.5,0,FALSE,4
"doubleX","S592",662,TRUE,TRUE,FALSE,1,0.949152542372881,1,1,1,1,TRUE,4
"raiseToPower","S592",663,TRUE,TRUE,FALSE,1,0.867924528301887,1,1,1,2,TRUE,4
"convertToDegrees","S592",664,TRUE,TRUE,FALSE,1,0.38,1,1,1,3,FALSE,4
"findRoot","S592",665,TRUE,TRUE,FALSE,1,0.486486486486487,1,1,1,4,TRUE,4
"intToFloat","S592",667,TRUE,TRUE,FALSE,1,0.902439024390244,1,1,1,5,TRUE,4
"leftoverCandy","S592",669,TRUE,TRUE,FALSE,1,0.780487804878049,1,1,1,6,TRUE,4
"howManyEggCartons","S592",671,FALSE,TRUE,TRUE,4,0.27027027027027,2,1,1,7,FALSE,4
"kthDigit","S592",677,FALSE,TRUE,FALSE,4,0.181818181818182,3,0.875,1,8,FALSE,4
"nearestBusStop","S592",696,FALSE,TRUE,FALSE,4,0.166666666666667,2,0.777777777777778,1,9,FALSE,4
"helloWorld","S652",666,FALSE,TRUE,FALSE,2,0.515151515151515,1,0.5,0.5,0,FALSE,4
"helloWorld","S659",98,FALSE,FALSE,FALSE,5,0.515151515151515,1,0.5,0.5,0,FALSE,4
"leftoverCandy","S720",843,TRUE,TRUE,FALSE,1,0.780487804878049,1,0.5,0.5,0,TRUE,4
"doubleX","S720",844,TRUE,TRUE,FALSE,1,0.949152542372881,1,1,1,1,TRUE,4
"overNineThousand","S720",845,FALSE,TRUE,FALSE,2,0.678571428571429,1,1,1,2,TRUE,4
"helloWorld","S011",1793,FALSE,TRUE,FALSE,4,0.538461538461538,1,0.5,0.5,0,FALSE,5
"doubleX","S011",1797,TRUE,TRUE,FALSE,1,0.948275862068966,1,0,1,1,TRUE,5
"raiseToPower","S011",1798,TRUE,TRUE,FALSE,1,0.862745098039216,1,0.5,1,2,TRUE,5
"convertToDegrees","S011",1799,TRUE,TRUE,FALSE,1,0.340425531914894,2,0.666666666666667,1,3,FALSE,5
"isPunctuation","S011",1800,FALSE,FALSE,TRUE,3,0.130434782608696,2,0.75,1,4,FALSE,5
"findRoot","S011",1806,FALSE,FALSE,FALSE,1,0.428571428571429,1,0.6,0.8,5,FALSE,5
"leftoverCandy","S011",1807,TRUE,TRUE,FALSE,1,0.75,1,0.5,0.666666666666667,6,TRUE,5
"intToFloat","S011",1808,TRUE,TRUE,FALSE,1,0.871794871794872,1,0.571428571428571,0.714285714285714,7,TRUE,5
"howManyEggCartons","S011",1809,TRUE,TRUE,FALSE,1,0.194444444444444,3,0.625,0.75,8,FALSE,5
"kthDigit","S011",1810,FALSE,FALSE,FALSE,3,0.15625,4,0.666666666666667,0.777777777777778,9,FALSE,5
"nearestBusStop","S011",1813,FALSE,FALSE,FALSE,2,0.178571428571429,2,0.6,0.7,10,FALSE,5
"backwardsCombine","S011",1815,TRUE,TRUE,FALSE,1,0.714285714285714,1,0.545454545454545,0.636363636363636,11,TRUE,5
"firstAndLast","S011",1816,FALSE,TRUE,TRUE,13,0.421052631578947,2,0.583333333333333,0.666666666666667,12,FALSE,5
"singlePigLatin","S011",1831,FALSE,TRUE,FALSE,2,0.368421052631579,3,0.538461538461538,0.692307692307692,13,FALSE,5
"overNineThousand","S011",1835,TRUE,TRUE,FALSE,1,0.62962962962963,1,0.5,0.714285714285714,14,TRUE,5
"hasTwoDigits","S011",1836,FALSE,TRUE,FALSE,2,0.407407407407407,2,0.533333333333333,0.733333333333333,15,FALSE,5
"canDrinkAlcohol","S011",1838,FALSE,TRUE,FALSE,3,0.4,2,0.5,0.75,16,FALSE,5
"isEvenPositiveInt","S011",1841,TRUE,TRUE,FALSE,1,0.0952380952380952,4,0.470588235294118,0.764705882352941,17,FALSE,5
"oneToN","S011",1850,FALSE,FALSE,FALSE,11,0.19047619047619,7,0.5,0.777777777777778,18,FALSE,5
"helloWorld","S110",1005,TRUE,TRUE,FALSE,1,0.538461538461538,1,0.5,0.5,0,FALSE,5
"doubleX","S110",1007,TRUE,TRUE,FALSE,1,0.948275862068966,1,1,1,1,TRUE,5
"raiseToPower","S110",1009,TRUE,TRUE,FALSE,1,0.862745098039216,1,1,1,2,TRUE,5
"convertToDegrees","S110",1022,FALSE,TRUE,FALSE,2,0.340425531914894,2,1,1,3,FALSE,5
"isPunctuation","S110",1030,FALSE,FALSE,FALSE,2,0.130434782608696,2,0.75,1,4,FALSE,5
"leftoverCandy","S110",1203,TRUE,TRUE,FALSE,1,0.75,1,0.6,0.8,5,TRUE,5
"intToFloat","S110",1347,TRUE,TRUE,FALSE,1,0.871794871794872,1,0.666666666666667,0.833333333333333,6,TRUE,5
"helloWorld","S132",1436,FALSE,TRUE,FALSE,2,0.538461538461538,1,0.5,0.5,0,FALSE,5
"raiseToPower","S132",1439,TRUE,TRUE,FALSE,1,0.862745098039216,1,0,1,1,TRUE,5
"doubleX","S132",1440,TRUE,TRUE,FALSE,1,0.948275862068966,1,0.5,1,2,TRUE,5
"convertToDegrees","S132",1441,TRUE,TRUE,FALSE,1,0.340425531914894,2,0.666666666666667,1,3,FALSE,5
"isPunctuation","S132",1442,FALSE,FALSE,TRUE,13,0.130434782608696,2,0.75,1,4,FALSE,5
"findRoot","S132",1752,FALSE,FALSE,FALSE,2,0.428571428571429,1,0.6,0.8,5,FALSE,5
"intToFloat","S132",1754,TRUE,TRUE,FALSE,1,0.871794871794872,1,0.5,0.666666666666667,6,TRUE,5
"leftoverCandy","S132",1755,FALSE,TRUE,FALSE,3,0.75,1,0.571428571428571,0.714285714285714,7,TRUE,5
"howManyEggCartons","S132",1759,FALSE,TRUE,FALSE,8,0.194444444444444,3,0.5,0.75,8,FALSE,5
"kthDigit","S132",1853,TRUE,TRUE,FALSE,1,0.15625,4,0.444444444444444,0.777777777777778,9,FALSE,5
"nearestBusStop","S132",1933,FALSE,FALSE,FALSE,1,0.178571428571429,2,0.5,0.8,10,FALSE,5
"backwardsCombine","S132",1934,TRUE,TRUE,FALSE,1,0.714285714285714,1,0.454545454545455,0.727272727272727,11,TRUE,5
"firstAndLast","S132",1935,FALSE,TRUE,FALSE,7,0.421052631578947,2,0.5,0.75,12,FALSE,5
"singlePigLatin","S132",2086,FALSE,FALSE,FALSE,8,0.368421052631579,3,0.461538461538462,0.769230769230769,13,FALSE,5
"overNineThousand","S132",2094,TRUE,TRUE,FALSE,1,0.62962962962963,1,0.428571428571429,0.714285714285714,14,TRUE,5
"hasTwoDigits","S132",2095,FALSE,FALSE,FALSE,3,0.407407407407407,2,0.466666666666667,0.733333333333333,15,FALSE,5
"canDrinkAlcohol","S132",3026,FALSE,TRUE,FALSE,3,0.4,2,0.4375,0.6875,16,FALSE,5
"helloWorld","S347",379,FALSE,TRUE,TRUE,2,0.538461538461538,1,0.5,0.5,0,FALSE,5
"doubleX","S347",393,TRUE,TRUE,FALSE,1,0.948275862068966,1,0,1,1,TRUE,5
"raiseToPower","S347",394,TRUE,TRUE,FALSE,1,0.862745098039216,1,0.5,1,2,TRUE,5
"convertToDegrees","S347",409,FALSE,TRUE,FALSE,5,0.340425531914894,2,0.666666666666667,1,3,FALSE,5
"findRoot","S347",419,TRUE,TRUE,FALSE,1,0.428571428571429,1,0.5,1,4,FALSE,5
"oneToN","S347",422,FALSE,FALSE,TRUE,16,0.19047619047619,7,0.6,1,5,FALSE,5
"helloWorld","S467",1164,TRUE,TRUE,FALSE,1,0.538461538461538,1,0.5,0.5,0,FALSE,5
"doubleX","S467",1165,TRUE,TRUE,FALSE,1,0.948275862068966,1,1,1,1,TRUE,5
"raiseToPower","S467",1166,TRUE,TRUE,FALSE,1,0.862745098039216,1,1,1,2,TRUE,5
"convertToDegrees","S467",1167,FALSE,FALSE,FALSE,1,0.340425531914894,2,1,1,3,FALSE,5
"hasTwoDigits","S467",1168,TRUE,TRUE,FALSE,1,0.407407407407407,2,0.75,0.75,4,FALSE,5
"isPunctuation","S467",1171,FALSE,TRUE,FALSE,4,0.130434782608696,2,0.8,0.8,5,FALSE,5
"canDrinkAlcohol","S467",1176,FALSE,TRUE,FALSE,4,0.4,2,0.666666666666667,0.833333333333333,6,FALSE,5
"intToFloat","S467",2885,TRUE,TRUE,FALSE,1,0.871794871794872,1,0.571428571428571,0.857142857142857,7,TRUE,5
"findRoot","S467",2886,TRUE,TRUE,FALSE,1,0.428571428571429,1,0.625,0.875,8,FALSE,5
"leftoverCandy","S467",2887,TRUE,TRUE,FALSE,1,0.75,1,0.666666666666667,0.888888888888889,9,TRUE,5
"howManyEggCartons","S467",2888,TRUE,TRUE,FALSE,1,0.194444444444444,3,0.7,0.9,10,FALSE,5
"kthDigit","S467",2890,FALSE,TRUE,FALSE,2,0.15625,4,0.727272727272727,0.909090909090909,11,FALSE,5
"nearestBusStop","S467",2892,FALSE,TRUE,FALSE,2,0.178571428571429,2,0.666666666666667,0.916666666666667,12,FALSE,5
"overNineThousand","S467",2894,TRUE,TRUE,FALSE,1,0.62962962962963,1,0.615384615384615,0.923076923076923,13,TRUE,5
"isEvenPositiveInt","S467",2895,TRUE,TRUE,FALSE,1,0.0952380952380952,4,0.642857142857143,0.928571428571429,14,FALSE,5
"oneToN","S467",2899,TRUE,TRUE,FALSE,1,0.19047619047619,7,0.666666666666667,0.933333333333333,15,FALSE,5
"backwardsCombine","S467",2901,TRUE,TRUE,FALSE,1,0.714285714285714,1,0.6875,0.9375,16,TRUE,5
"firstAndLast","S467",2902,TRUE,TRUE,FALSE,1,0.421052631578947,2,0.705882352941177,0.941176470588235,17,FALSE,5
"singlePigLatin","S467",2906,TRUE,TRUE,FALSE,1,0.368421052631579,3,0.722222222222222,0.944444444444444,18,FALSE,5
"convertToDegrees","S481",921,FALSE,FALSE,FALSE,2,0.340425531914894,2,0.5,0.5,0,FALSE,5
"helloWorld","S496",209,TRUE,TRUE,FALSE,1,0.538461538461538,1,0.5,0.5,0,FALSE,5
"doubleX","S496",210,TRUE,TRUE,FALSE,1,0.948275862068966,1,1,1,1,TRUE,5
"raiseToPower","S496",215,TRUE,TRUE,FALSE,1,0.862745098039216,1,1,1,2,TRUE,5
"convertToDegrees","S496",218,TRUE,TRUE,FALSE,1,0.340425531914894,2,1,1,3,FALSE,5
"findRoot","S496",225,TRUE,TRUE,FALSE,1,0.428571428571429,1,1,1,4,FALSE,5
"intToFloat","S496",227,TRUE,TRUE,FALSE,1,0.871794871794872,1,1,1,5,TRUE,5
"leftoverCandy","S496",231,TRUE,TRUE,FALSE,1,0.75,1,1,1,6,TRUE,5
"howManyEggCartons","S496",232,FALSE,TRUE,TRUE,8,0.194444444444444,3,1,1,7,FALSE,5
"kthDigit","S496",249,FALSE,TRUE,FALSE,2,0.15625,4,0.875,1,8,FALSE,5
"nearestBusStop","S496",256,FALSE,TRUE,FALSE,2,0.178571428571429,2,0.777777777777778,1,9,FALSE,5
"overNineThousand","S496",470,TRUE,TRUE,FALSE,1,0.62962962962963,1,0.7,1,10,TRUE,5
"hasTwoDigits","S496",471,FALSE,TRUE,FALSE,7,0.407407407407407,2,0.727272727272727,1,11,FALSE,5
"canDrinkAlcohol","S496",478,FALSE,TRUE,FALSE,2,0.4,2,0.666666666666667,1,12,FALSE,5
"isEvenPositiveInt","S496",480,FALSE,TRUE,FALSE,2,0.0952380952380952,4,0.615384615384615,1,13,FALSE,5
"oneToN","S496",486,FALSE,TRUE,FALSE,2,0.19047619047619,7,0.571428571428571,1,14,FALSE,5
"helloWorld","S654",688,FALSE,TRUE,TRUE,3,0.538461538461538,1,0.5,0.5,0,FALSE,5
"doubleX","S654",695,TRUE,TRUE,FALSE,1,0.948275862068966,1,0,1,1,TRUE,5
"raiseToPower","S654",697,TRUE,TRUE,FALSE,1,0.862745098039216,1,0.5,1,2,TRUE,5
"convertToDegrees","S654",699,TRUE,TRUE,FALSE,1,0.340425531914894,2,0.666666666666667,1,3,FALSE,5
"findRoot","S654",703,TRUE,TRUE,FALSE,1,0.428571428571429,1,0.75,1,4,FALSE,5
"intToFloat","S654",706,TRUE,TRUE,FALSE,1,0.871794871794872,1,0.8,1,5,TRUE,5
"leftoverCandy","S654",707,TRUE,TRUE,FALSE,1,0.75,1,0.833333333333333,1,6,TRUE,5
"howManyEggCartons","S654",708,TRUE,TRUE,FALSE,1,0.194444444444444,3,0.857142857142857,1,7,FALSE,5
"kthDigit","S654",711,FALSE,TRUE,TRUE,3,0.15625,4,0.875,1,8,FALSE,5
"nearestBusStop","S654",732,FALSE,TRUE,TRUE,10,0.178571428571429,2,0.777777777777778,1,9,FALSE,5
"helloWorld","S763",914,FALSE,FALSE,TRUE,5,0.538461538461538,1,0.5,0.5,0,FALSE,5
"helloWorld","S034",1180,FALSE,TRUE,TRUE,4,0.523076923076923,1,0.5,0.5,0,FALSE,6
"doubleX","S034",1186,FALSE,TRUE,TRUE,2,0.96551724137931,1,0,1,1,TRUE,6
"raiseToPower","S034",1189,FALSE,TRUE,TRUE,2,0.903846153846154,1,0,1,2,TRUE,6
"convertToDegrees","S034",1192,FALSE,FALSE,TRUE,3,0.387755102040816,1,0,1,3,FALSE,6
"canDrinkAlcohol","S034",1893,FALSE,TRUE,FALSE,3,0.384615384615385,2,0,0.75,4,FALSE,6
"isEvenPositiveInt","S034",1896,FALSE,FALSE,FALSE,10,0.15,3.5,0,0.8,5,FALSE,6
"helloWorld","S175",2451,TRUE,TRUE,FALSE,1,0.523076923076923,1,0.5,0.5,0,FALSE,6
"doubleX","S175",2454,TRUE,TRUE,FALSE,1,0.96551724137931,1,1,1,1,TRUE,6
"intToFloat","S175",2459,TRUE,TRUE,FALSE,1,0.897435897435897,1,1,1,2,TRUE,6
"backwardsCombine","S175",2460,TRUE,TRUE,FALSE,1,0.714285714285714,1,1,1,3,TRUE,6
"firstAndLast","S175",2461,TRUE,TRUE,FALSE,1,0.368421052631579,2,1,1,4,FALSE,6
"singlePigLatin","S175",2465,FALSE,TRUE,TRUE,6,0.368421052631579,2,1,1,5,FALSE,6
"overNineThousand","S175",2483,FALSE,FALSE,FALSE,1,0.666666666666667,1,0.833333333333333,1,6,TRUE,6
"hasTwoDigits","S175",2487,FALSE,FALSE,TRUE,6,0.37037037037037,2,0.714285714285714,0.857142857142857,7,FALSE,6
"isEvenPositiveInt","S175",2776,FALSE,FALSE,FALSE,3,0.15,3.5,0.625,0.75,8,FALSE,6
"kthDigit","S181",1139,FALSE,FALSE,FALSE,4,0.1875,3,0.5,0.5,0,FALSE,6
"helloWorld","S207",1125,FALSE,TRUE,FALSE,9,0.523076923076923,1,0.5,0.5,0,FALSE,6
"doubleX","S207",1133,TRUE,TRUE,FALSE,1,0.96551724137931,1,0,1,1,TRUE,6
"raiseToPower","S207",1135,TRUE,TRUE,FALSE,1,0.903846153846154,1,0.5,1,2,TRUE,6
"convertToDegrees","S207",1136,FALSE,TRUE,FALSE,2,0.387755102040816,1,0.666666666666667,1,3,FALSE,6
"isPunctuation","S207",1138,FALSE,FALSE,FALSE,1,0.0833333333333333,3,0.5,1,4,FALSE,6
"intToFloat","S207",1152,FALSE,FALSE,FALSE,1,0.897435897435897,1,0.4,0.8,5,TRUE,6
"leftoverCandy","S207",1153,FALSE,TRUE,FALSE,5,0.780487804878049,1,0.333333333333333,0.666666666666667,6,TRUE,6
"helloWorld","S372",829,TRUE,TRUE,FALSE,1,0.523076923076923,1,0.5,0.5,0,FALSE,6
"doubleX","S372",830,TRUE,TRUE,FALSE,1,0.96551724137931,1,1,1,1,TRUE,6
"raiseToPower","S372",831,FALSE,TRUE,FALSE,2,0.903846153846154,1,1,1,2,TRUE,6
"convertToDegrees","S372",833,FALSE,TRUE,FALSE,2,0.387755102040816,1,0.666666666666667,1,3,FALSE,6
"findRoot","S372",835,FALSE,TRUE,FALSE,2,0.459459459459459,1,0.5,1,4,FALSE,6
"intToFloat","S372",837,TRUE,TRUE,FALSE,1,0.897435897435897,1,0.4,1,5,TRUE,6
"leftoverCandy","S372",838,TRUE,TRUE,FALSE,1,0.780487804878049,1,0.5,1,6,TRUE,6
"howManyEggCartons","S372",839,TRUE,TRUE,FALSE,1,0.243243243243243,3,0.571428571428571,1,7,FALSE,6
"kthDigit","S372",840,FALSE,TRUE,FALSE,4,0.1875,3,0.625,1,8,FALSE,6
"nearestBusStop","S372",848,FALSE,FALSE,FALSE,4,0.133333333333333,2,0.555555555555556,1,9,FALSE,6
"overNineThousand","S372",852,TRUE,TRUE,FALSE,1,0.666666666666667,1,0.5,0.9,10,TRUE,6
"hasTwoDigits","S372",853,TRUE,TRUE,FALSE,1,0.37037037037037,2,0.545454545454545,0.909090909090909,11,FALSE,6
"canDrinkAlcohol","S372",854,FALSE,TRUE,FALSE,3,0.384615384615385,2,0.583333333333333,0.916666666666667,12,FALSE,6
"isEvenPositiveInt","S372",860,TRUE,TRUE,FALSE,1,0.15,3.5,0.538461538461538,0.923076923076923,13,FALSE,6
"oneToN","S372",908,FALSE,TRUE,FALSE,3,0.217391304347826,7,0.571428571428571,0.928571428571429,14,FALSE,6
"backwardsCombine","S372",1680,TRUE,TRUE,FALSE,1,0.714285714285714,1,0.533333333333333,0.933333333333333,15,TRUE,6
"firstAndLast","S372",1681,TRUE,TRUE,FALSE,1,0.368421052631579,2,0.5625,0.9375,16,FALSE,6
"isPunctuation","S372",1682,TRUE,TRUE,FALSE,1,0.0833333333333333,3,0.588235294117647,0.941176470588235,17,FALSE,6
"singlePigLatin","S372",3085,TRUE,TRUE,FALSE,1,0.368421052631579,2,0.611111111111111,0.944444444444444,18,FALSE,6
"helloWorld","S457",4,FALSE,TRUE,FALSE,7,0.523076923076923,1,0.5,0.5,0,FALSE,6
"helloWorld","S508",60,TRUE,TRUE,FALSE,1,0.523076923076923,1,0.5,0.5,0,FALSE,6
"doubleX","S508",61,TRUE,TRUE,FALSE,1,0.96551724137931,1,1,1,1,TRUE,6
"raiseToPower","S508",62,TRUE,TRUE,FALSE,1,0.903846153846154,1,1,1,2,TRUE,6
"convertToDegrees","S508",63,FALSE,FALSE,FALSE,1,0.387755102040816,1,1,1,3,FALSE,6
"intToFloat","S508",64,TRUE,TRUE,FALSE,1,0.897435897435897,1,0.75,0.75,4,TRUE,6
"findRoot","S508",65,FALSE,FALSE,FALSE,1,0.459459459459459,1,0.8,0.8,5,FALSE,6
"leftoverCandy","S508",66,FALSE,TRUE,FALSE,2,0.780487804878049,1,0.666666666666667,0.666666666666667,6,TRUE,6
"howManyEggCartons","S508",68,FALSE,TRUE,FALSE,2,0.243243243243243,3,0.571428571428571,0.714285714285714,7,FALSE,6
"kthDigit","S508",70,FALSE,FALSE,FALSE,1,0.1875,3,0.5,0.75,8,FALSE,6
"helloWorld","S602",34,FALSE,TRUE,FALSE,3,0.523076923076923,1,0.5,0.5,0,FALSE,6
"doubleX","S602",40,TRUE,TRUE,FALSE,1,0.96551724137931,1,0,1,1,TRUE,6
"raiseToPower","S602",44,TRUE,TRUE,FALSE,1,0.903846153846154,1,0.5,1,2,TRUE,6
"convertToDegrees","S602",45,FALSE,FALSE,FALSE,1,0.387755102040816,1,0.666666666666667,1,3,FALSE,6
"findRoot","S602",50,TRUE,TRUE,FALSE,1,0.459459459459459,1,0.5,0.75,4,FALSE,6
"intToFloat","S602",52,TRUE,TRUE,FALSE,1,0.897435897435897,1,0.6,0.8,5,TRUE,6
"leftoverCandy","S602",53,TRUE,TRUE,FALSE,1,0.780487804878049,1,0.666666666666667,0.833333333333333,6,TRUE,6
"howManyEggCartons","S602",58,FALSE,TRUE,FALSE,2,0.243243243243243,3,0.714285714285714,0.857142857142857,7,FALSE,6
"kthDigit","S602",71,FALSE,TRUE,FALSE,3,0.1875,3,0.625,0.875,8,FALSE,6
"nearestBusStop","S602",74,TRUE,TRUE,FALSE,1,0.133333333333333,2,0.555555555555556,0.888888888888889,9,FALSE,6
"overNineThousand","S602",75,TRUE,TRUE,FALSE,1,0.666666666666667,1,0.6,0.9,10,TRUE,6
"hasTwoDigits","S602",76,TRUE,TRUE,FALSE,1,0.37037037037037,2,0.636363636363636,0.909090909090909,11,FALSE,6
"raiseToPower","SA",2441,TRUE,TRUE,FALSE,1,0.903846153846154,1,0.5,0.5,0,TRUE,6
"helloWorld","SA",2442,TRUE,TRUE,FALSE,1,0.523076923076923,1,1,1,1,TRUE,6
"doubleX","SA",2443,TRUE,TRUE,FALSE,1,0.96551724137931,1,1,1,2,TRUE,6
"convertToDegrees","SA",2444,TRUE,TRUE,FALSE,1,0.387755102040816,1,1,1,3,FALSE,6
"isPunctuation","SA",2446,FALSE,TRUE,TRUE,9,0.0833333333333333,3,1,1,4,FALSE,6
"findRoot","SA",2462,TRUE,TRUE,FALSE,1,0.459459459459459,1,0.8,1,5,FALSE,6
"intToFloat","SA",2463,TRUE,TRUE,FALSE,1,0.897435897435897,1,0.833333333333333,1,6,TRUE,6
"leftoverCandy","SA",2464,TRUE,TRUE,FALSE,1,0.780487804878049,1,0.857142857142857,1,7,TRUE,6
"howManyEggCartons","SA",2470,FALSE,TRUE,FALSE,2,0.243243243243243,3,0.875,1,8,FALSE,6
"kthDigit","SA",2475,FALSE,FALSE,TRUE,10,0.1875,3,0.777777777777778,1,9,FALSE,6
"nearestBusStop","SA",2506,FALSE,TRUE,TRUE,5,0.133333333333333,2,0.7,0.9,10,FALSE,6
"backwardsCombine","SA",2522,TRUE,TRUE,FALSE,1,0.714285714285714,1,0.636363636363636,0.909090909090909,11,TRUE,6
"firstAndLast","SA",2523,FALSE,TRUE,TRUE,2,0.368421052631579,2,0.666666666666667,0.916666666666667,12,FALSE,6
"singlePigLatin","SA",2534,FALSE,TRUE,TRUE,5,0.368421052631579,2,0.615384615384615,0.923076923076923,13,FALSE,6
"overNineThousand","SA",2554,TRUE,TRUE,FALSE,1,0.666666666666667,1,0.571428571428571,0.928571428571429,14,TRUE,6
"hasTwoDigits","SA",2556,FALSE,TRUE,TRUE,12,0.37037037037037,2,0.6,0.933333333333333,15,FALSE,6
"canDrinkAlcohol","SA",2596,FALSE,TRUE,FALSE,11,0.384615384615385,2,0.5625,0.9375,16,FALSE,6
"isEvenPositiveInt","SA",2609,FALSE,TRUE,FALSE,5,0.15,3.5,0.529411764705882,0.941176470588235,17,FALSE,6
"oneToN","SA",2616,FALSE,TRUE,TRUE,13,0.217391304347826,7,0.5,0.944444444444444,18,FALSE,6
"helloWorld","S020",1144,FALSE,TRUE,FALSE,2,0.538461538461538,1,0.5,0.5,0,FALSE,7
"doubleX","S020",1150,TRUE,TRUE,FALSE,1,0.949152542372881,1,0,1,1,TRUE,7
"raiseToPower","S020",1151,TRUE,TRUE,FALSE,1,0.884615384615385,1,0.5,1,2,TRUE,7
"convertToDegrees","S020",2162,TRUE,TRUE,FALSE,1,0.36734693877551,2,0.666666666666667,1,3,FALSE,7
"isPunctuation","S020",2163,FALSE,FALSE,TRUE,18,0.0952380952380952,3,0.75,1,4,FALSE,7
"findRoot","S020",2199,TRUE,TRUE,FALSE,1,0.459459459459459,1,0.6,0.8,5,FALSE,7
"intToFloat","S020",2200,TRUE,TRUE,FALSE,1,0.878048780487805,1,0.666666666666667,0.833333333333333,6,TRUE,7
"leftoverCandy","S020",2201,TRUE,TRUE,FALSE,1,0.761904761904762,1,0.714285714285714,0.857142857142857,7,TRUE,7
"howManyEggCartons","S020",2202,FALSE,FALSE,FALSE,3,0.27027027027027,2,0.75,0.875,8,FALSE,7
"kthDigit","S020",2205,FALSE,FALSE,FALSE,5,0.151515151515152,3,0.666666666666667,0.777777777777778,9,FALSE,7
"nearestBusStop","S020",2948,FALSE,TRUE,FALSE,6,0.137931034482759,2,0.6,0.7,10,FALSE,7
"backwardsCombine","S020",2954,TRUE,TRUE,FALSE,1,0.789473684210526,1,0.545454545454545,0.727272727272727,11,TRUE,7
"firstAndLast","S020",2955,FALSE,TRUE,FALSE,2,0.388888888888889,2,0.583333333333333,0.75,12,FALSE,7
"singlePigLatin","S020",2957,TRUE,TRUE,FALSE,1,0.352941176470588,3,0.538461538461538,0.769230769230769,13,FALSE,7
"overNineThousand","S020",2958,FALSE,FALSE,TRUE,1,0.666666666666667,1,0.571428571428571,0.785714285714286,14,TRUE,7
"hasTwoDigits","S020",2960,FALSE,FALSE,FALSE,1,0.407407407407407,2,0.533333333333333,0.733333333333333,15,FALSE,7
"helloWorld","S072",2501,TRUE,TRUE,FALSE,1,0.538461538461538,1,0.5,0.5,0,FALSE,7
"raiseToPower","S072",2503,TRUE,TRUE,FALSE,1,0.884615384615385,1,1,1,1,TRUE,7
"doubleX","S072",2504,TRUE,TRUE,FALSE,1,0.949152542372881,1,1,1,2,TRUE,7
"convertToDegrees","S072",2505,FALSE,TRUE,FALSE,5,0.36734693877551,2,1,1,3,FALSE,7
"isPunctuation","S072",2515,FALSE,FALSE,FALSE,2,0.0952380952380952,3,0.75,1,4,FALSE,7
"findRoot","S072",2517,TRUE,TRUE,FALSE,1,0.459459459459459,1,0.6,0.8,5,FALSE,7
"intToFloat","S072",2524,TRUE,TRUE,FALSE,1,0.878048780487805,1,0.666666666666667,0.833333333333333,6,TRUE,7
"leftoverCandy","S072",2539,TRUE,TRUE,FALSE,1,0.761904761904762,1,0.714285714285714,0.857142857142857,7,TRUE,7
"howManyEggCartons","S072",2558,FALSE,FALSE,FALSE,6,0.27027027027027,2,0.75,0.875,8,FALSE,7
"kthDigit","S072",2598,FALSE,FALSE,FALSE,1,0.151515151515152,3,0.666666666666667,0.777777777777778,9,FALSE,7
"nearestBusStop","S072",2618,FALSE,TRUE,FALSE,2,0.137931034482759,2,0.6,0.7,10,FALSE,7
"backwardsCombine","S072",2630,TRUE,TRUE,FALSE,1,0.789473684210526,1,0.545454545454545,0.727272727272727,11,TRUE,7
"firstAndLast","S072",2634,TRUE,TRUE,FALSE,1,0.388888888888889,2,0.583333333333333,0.75,12,FALSE,7
"singlePigLatin","S072",2638,FALSE,TRUE,FALSE,3,0.352941176470588,3,0.615384615384615,0.769230769230769,13,FALSE,7
"overNineThousand","S072",2643,TRUE,TRUE,FALSE,1,0.666666666666667,1,0.571428571428571,0.785714285714286,14,TRUE,7
"hasTwoDigits","S072",2644,FALSE,TRUE,FALSE,2,0.407407407407407,2,0.6,0.8,15,FALSE,7
"canDrinkAlcohol","S072",2646,FALSE,TRUE,FALSE,4,0.346153846153846,2,0.5625,0.8125,16,FALSE,7
"oneToN","S072",2671,FALSE,TRUE,FALSE,2,0.19047619047619,8,0.529411764705882,0.823529411764706,17,FALSE,7
"helloWorld","S107",2402,FALSE,FALSE,FALSE,3,0.538461538461538,1,0.5,0.5,0,FALSE,7
"helloWorld","S150",1214,FALSE,TRUE,FALSE,2,0.538461538461538,1,0.5,0.5,0,FALSE,7
"doubleX","S150",1219,TRUE,TRUE,FALSE,1,0.949152542372881,1,0,1,1,TRUE,7
"raiseToPower","S150",1223,FALSE,TRUE,FALSE,6,0.884615384615385,1,0.5,1,2,TRUE,7
"convertToDegrees","S150",1229,FALSE,FALSE,FALSE,3,0.36734693877551,2,0.333333333333333,1,3,FALSE,7
"isPunctuation","S150",1232,FALSE,FALSE,FALSE,2,0.0952380952380952,3,0.25,0.75,4,FALSE,7
"oneToN","S150",1234,FALSE,FALSE,FALSE,23,0.19047619047619,8,0.2,0.6,5,FALSE,7
"findRoot","S150",1252,FALSE,TRUE,FALSE,2,0.459459459459459,1,0.166666666666667,0.5,6,FALSE,7
"intToFloat","S150",1254,TRUE,TRUE,FALSE,1,0.878048780487805,1,0.142857142857143,0.571428571428571,7,TRUE,7
"leftoverCandy","S150",1255,FALSE,TRUE,FALSE,4,0.761904761904762,1,0.25,0.625,8,TRUE,7
"howManyEggCartons","S150",1259,FALSE,FALSE,FALSE,11,0.27027027027027,2,0.222222222222222,0.666666666666667,9,FALSE,7
"kthDigit","S150",1270,FALSE,TRUE,FALSE,2,0.151515151515152,3,0.2,0.6,10,FALSE,7
"backwardsCombine","S150",1272,FALSE,TRUE,FALSE,6,0.789473684210526,1,0.181818181818182,0.636363636363636,11,TRUE,7
"singlePigLatin","S150",1278,FALSE,FALSE,FALSE,9,0.352941176470588,3,0.166666666666667,0.666666666666667,12,FALSE,7
"firstAndLast","S150",1281,FALSE,TRUE,FALSE,6,0.388888888888889,2,0.153846153846154,0.615384615384615,13,FALSE,7
"overNineThousand","S150",1284,TRUE,TRUE,FALSE,1,0.666666666666667,1,0.142857142857143,0.642857142857143,14,FALSE,7
"hasTwoDigits","S150",1285,FALSE,TRUE,FALSE,3,0.407407407407407,2,0.2,0.666666666666667,15,FALSE,7
"canDrinkAlcohol","S150",1288,FALSE,TRUE,FALSE,5,0.346153846153846,2,0.1875,0.6875,16,FALSE,7
"isEvenPositiveInt","S150",1289,FALSE,TRUE,FALSE,5,0.181818181818182,3.5,0.176470588235294,0.705882352941177,17,FALSE,7
"nearestBusStop","S150",1306,FALSE,FALSE,FALSE,1,0.137931034482759,2,0.166666666666667,0.722222222222222,18,FALSE,7
"helloWorld","S180",1316,FALSE,FALSE,TRUE,10,0.538461538461538,1,0.5,0.5,0,FALSE,7
"doubleX","S180",1323,TRUE,TRUE,FALSE,1,0.949152542372881,1,0,0,1,TRUE,7
"raiseToPower","S180",1324,TRUE,TRUE,FALSE,1,0.884615384615385,1,0.5,0.5,2,TRUE,7
"convertToDegrees","S180",1325,FALSE,FALSE,TRUE,0,0.36734693877551,2,0.666666666666667,0.666666666666667,3,FALSE,7
"isPunctuation","S180",1330,FALSE,FALSE,TRUE,0,0.0952380952380952,3,0.5,0.5,4,FALSE,7
"backwardsCombine","S180",2228,FALSE,FALSE,FALSE,4,0.789473684210526,1,0.4,0.4,5,TRUE,7
"singlePigLatin","S180",2232,FALSE,FALSE,FALSE,2,0.352941176470588,3,0.333333333333333,0.333333333333333,6,FALSE,7
"helloWorld","S201",2754,TRUE,TRUE,FALSE,1,0.538461538461538,1,0.5,0.5,0,FALSE,7
"doubleX","S201",2756,TRUE,TRUE,FALSE,1,0.949152542372881,1,1,1,1,TRUE,7
"raiseToPower","S201",2757,TRUE,TRUE,FALSE,1,0.884615384615385,1,1,1,2,TRUE,7
"convertToDegrees","S201",2758,FALSE,TRUE,TRUE,1,0.36734693877551,2,1,1,3,FALSE,7
"isPunctuation","S201",2760,FALSE,FALSE,TRUE,5,0.0952380952380952,3,0.75,1,4,FALSE,7
"oneToN","S374",1,FALSE,FALSE,TRUE,7,0.19047619047619,8,0.5,0.5,0,FALSE,7
"helloWorld","S665",490,TRUE,TRUE,FALSE,1,0.538461538461538,1,0.5,0.5,0,FALSE,7
"helloWorld","S683",590,FALSE,TRUE,FALSE,6,0.538461538461538,1,0.5,0.5,0,FALSE,7
"doubleX","S683",599,TRUE,TRUE,FALSE,1,0.949152542372881,1,0,1,1,TRUE,7
"raiseToPower","S683",600,TRUE,TRUE,FALSE,1,0.884615384615385,1,0.5,1,2,TRUE,7
"convertToDegrees","S683",601,TRUE,TRUE,FALSE,1,0.36734693877551,2,0.666666666666667,1,3,FALSE,7
"findRoot","S683",602,FALSE,FALSE,FALSE,1,0.459459459459459,1,0.75,1,4,FALSE,7
"intToFloat","S683",604,TRUE,TRUE,FALSE,1,0.878048780487805,1,0.6,0.8,5,TRUE,7
"leftoverCandy","S683",794,TRUE,TRUE,FALSE,1,0.761904761904762,1,0.666666666666667,0.833333333333333,6,TRUE,7
"howManyEggCartons","S683",795,FALSE,TRUE,FALSE,2,0.27027027027027,2,0.714285714285714,0.857142857142857,7,FALSE,7
"kthDigit","S683",797,TRUE,TRUE,FALSE,1,0.151515151515152,3,0.625,0.875,8,FALSE,7
"overNineThousand","S683",798,TRUE,TRUE,FALSE,1,0.666666666666667,1,0.666666666666667,0.888888888888889,9,TRUE,7
"nearestBusStop","S683",799,TRUE,TRUE,FALSE,1,0.137931034482759,2,0.7,0.9,10,FALSE,7
"hasTwoDigits","S683",800,TRUE,TRUE,FALSE,1,0.407407407407407,2,0.727272727272727,0.909090909090909,11,FALSE,7
"canDrinkAlcohol","S683",801,TRUE,TRUE,FALSE,1,0.346153846153846,2,0.75,0.916666666666667,12,FALSE,7
"isEvenPositiveInt","S683",802,FALSE,TRUE,FALSE,3,0.181818181818182,3.5,0.769230769230769,0.923076923076923,13,FALSE,7
"oneToN","S683",808,TRUE,TRUE,FALSE,1,0.19047619047619,8,0.714285714285714,0.928571428571429,14,FALSE,7
"backwardsCombine","S683",816,TRUE,TRUE,FALSE,1,0.789473684210526,1,0.733333333333333,0.933333333333333,15,TRUE,7
"firstAndLast","S683",817,TRUE,TRUE,FALSE,1,0.388888888888889,2,0.75,0.9375,16,FALSE,7
"isPunctuation","S683",818,TRUE,TRUE,FALSE,1,0.0952380952380952,3,0.764705882352941,0.941176470588235,17,FALSE,7
"singlePigLatin","S683",820,TRUE,TRUE,FALSE,1,0.352941176470588,3,0.777777777777778,0.944444444444444,18,FALSE,7
"helloWorld","S331",3105,TRUE,TRUE,FALSE,1,0.522388059701492,1,0.5,0.5,0,FALSE,8
"doubleX","S331",3107,TRUE,TRUE,FALSE,1,0.949152542372881,1,1,1,1,TRUE,8
"raiseToPower","S331",3108,TRUE,TRUE,FALSE,1,0.867924528301887,1,1,1,2,TRUE,8
"helloWorld","S397",116,FALSE,TRUE,FALSE,2,0.522388059701492,1,0.5,0.5,0,FALSE,8
"doubleX","S397",118,TRUE,TRUE,FALSE,1,0.949152542372881,1,0,1,1,TRUE,8
"helloWorld","S510",974,FALSE,TRUE,FALSE,2,0.522388059701492,1,0.5,0.5,0,FALSE,8
"doubleX","S510",977,TRUE,TRUE,FALSE,1,0.949152542372881,1,0,1,1,TRUE,8
"raiseToPower","S510",978,TRUE,TRUE,FALSE,1,0.867924528301887,1,0.5,1,2,TRUE,8
"convertToDegrees","S510",979,TRUE,TRUE,FALSE,1,0.326923076923077,2,0.666666666666667,1,3,FALSE,8
"findRoot","S510",980,TRUE,TRUE,FALSE,1,0.421052631578947,1,0.75,1,4,FALSE,8
"leftoverCandy","S510",981,TRUE,TRUE,FALSE,1,0.75,1,0.8,1,5,TRUE,8
"intToFloat","S510",982,TRUE,TRUE,FALSE,1,0.883720930232558,1,0.833333333333333,1,6,TRUE,8
"howManyEggCartons","S510",983,FALSE,TRUE,FALSE,2,0.256410256410256,3,0.857142857142857,1,7,FALSE,8
"kthDigit","S510",985,TRUE,TRUE,FALSE,1,0.142857142857143,3,0.75,1,8,FALSE,8
"nearestBusStop","S510",986,TRUE,TRUE,FALSE,1,0.129032258064516,2,0.777777777777778,1,9,FALSE,8
"overNineThousand","S510",987,TRUE,TRUE,FALSE,1,0.666666666666667,1,0.8,1,10,TRUE,8
"hasTwoDigits","S510",988,TRUE,TRUE,FALSE,1,0.366666666666667,2,0.818181818181818,1,11,FALSE,8
"canDrinkAlcohol","S510",989,FALSE,TRUE,FALSE,2,0.333333333333333,3,0.833333333333333,1,12,FALSE,8
"isEvenPositiveInt","S510",991,FALSE,FALSE,TRUE,8,0.173913043478261,3,0.769230769230769,1,13,FALSE,8
"oneToN","S510",1002,FALSE,TRUE,FALSE,8,0.208333333333333,7,0.714285714285714,0.928571428571429,14,FALSE,8
"backwardsCombine","S510",1029,TRUE,TRUE,FALSE,1,0.739130434782609,1,0.666666666666667,0.933333333333333,15,TRUE,8
"firstAndLast","S510",1037,FALSE,TRUE,FALSE,4,0.428571428571429,2,0.6875,0.9375,16,FALSE,8
"isPunctuation","S510",1041,FALSE,TRUE,FALSE,5,0.115384615384615,2.5,0.647058823529412,0.941176470588235,17,FALSE,8
"singlePigLatin","S510",1055,TRUE,TRUE,FALSE,1,0.3,3,0.611111111111111,0.944444444444444,18,FALSE,8
"canDrinkAlcohol","S540",3031,TRUE,TRUE,FALSE,1,0.333333333333333,3,0.5,0.5,0,FALSE,8
"helloWorld","S546",2961,TRUE,TRUE,FALSE,1,0.522388059701492,1,0.5,0.5,0,FALSE,8
"doubleX","S546",2963,TRUE,TRUE,FALSE,1,0.949152542372881,1,1,1,1,TRUE,8
"raiseToPower","S546",2964,TRUE,TRUE,FALSE,1,0.867924528301887,1,1,1,2,TRUE,8
"convertToDegrees","S546",2965,TRUE,TRUE,FALSE,1,0.326923076923077,2,1,1,3,FALSE,8
"findRoot","S546",2966,TRUE,TRUE,FALSE,1,0.421052631578947,1,1,1,4,FALSE,8
"helloWorld","S761",465,FALSE,TRUE,FALSE,4,0.522388059701492,1,0.5,0.5,0,FALSE,8
"doubleX","S761",469,TRUE,TRUE,FALSE,1,0.949152542372881,1,0,1,1,TRUE,8
"raiseToPower","S761",1364,TRUE,TRUE,FALSE,1,0.867924528301887,1,0.5,1,2,TRUE,8
"singlePigLatin","S761",1366,TRUE,TRUE,FALSE,1,0.3,3,0.666666666666667,1,3,FALSE,8
"helloWorld","S773",2967,TRUE,TRUE,FALSE,1,0.522388059701492,1,0.5,0.5,0,FALSE,8
"doubleX","S773",2968,TRUE,TRUE,FALSE,1,0.949152542372881,1,1,1,1,TRUE,8
"raiseToPower","S773",2969,TRUE,TRUE,FALSE,1,0.867924528301887,1,1,1,2,TRUE,8
"convertToDegrees","S773",2970,TRUE,TRUE,FALSE,1,0.326923076923077,2,1,1,3,FALSE,8
"intToFloat","S773",2971,TRUE,TRUE,FALSE,1,0.883720930232558,1,1,1,4,TRUE,8
"findRoot","S773",2972,TRUE,TRUE,FALSE,1,0.421052631578947,1,1,1,5,FALSE,8
"leftoverCandy","S773",2973,TRUE,TRUE,FALSE,1,0.75,1,1,1,6,TRUE,8
"howManyEggCartons","S773",2974,FALSE,TRUE,FALSE,3,0.256410256410256,3,1,1,7,FALSE,8
"kthDigit","S773",2976,FALSE,TRUE,FALSE,2,0.142857142857143,3,0.875,1,8,FALSE,8
"nearestBusStop","S773",2979,FALSE,FALSE,TRUE,1,0.129032258064516,2,0.777777777777778,1,9,FALSE,8
"canDrinkAlcohol","S117",2608,FALSE,FALSE,FALSE,1,0.32,3,0.5,0.5,0,FALSE,9
"helloWorld","S187",2156,TRUE,TRUE,FALSE,1,0.523076923076923,1,0.5,0.5,0,FALSE,9
"doubleX","S187",2157,TRUE,TRUE,FALSE,1,0.95,1,1,1,1,TRUE,9
"raiseToPower","S187",2158,TRUE,TRUE,FALSE,1,0.886792452830189,1,1,1,2,TRUE,9
"convertToDegrees","S187",2159,FALSE,FALSE,FALSE,1,0.34,2,1,1,3,FALSE,9
"intToFloat","S187",2682,TRUE,TRUE,FALSE,1,0.875,1,0.75,0.75,4,TRUE,9
"leftoverCandy","S187",2683,FALSE,TRUE,FALSE,2,0.780487804878049,1,0.8,0.8,5,TRUE,9
"backwardsCombine","S187",2685,TRUE,TRUE,FALSE,1,0.727272727272727,1,0.666666666666667,0.833333333333333,6,TRUE,9
"firstAndLast","S187",2686,FALSE,FALSE,FALSE,4,0.45,2,0.714285714285714,0.857142857142857,7,FALSE,9
"canDrinkAlcohol","S187",2690,FALSE,TRUE,FALSE,3,0.32,3,0.625,0.75,8,FALSE,9
"oneToN","S187",2695,FALSE,FALSE,FALSE,4,0.227272727272727,7,0.555555555555556,0.777777777777778,9,FALSE,9
"helloWorld","S454",416,TRUE,TRUE,FALSE,1,0.523076923076923,1,0.5,0.5,0,FALSE,9
"doubleX","S454",417,TRUE,TRUE,FALSE,1,0.95,1,1,1,1,TRUE,9
"raiseToPower","S454",420,FALSE,TRUE,FALSE,2,0.886792452830189,1,1,1,2,TRUE,9
"convertToDegrees","S454",423,FALSE,TRUE,FALSE,2,0.34,2,0.666666666666667,1,3,FALSE,9
"findRoot","S454",431,FALSE,FALSE,FALSE,3,0.486486486486487,1,0.5,1,4,FALSE,9
"intToFloat","S454",433,TRUE,TRUE,FALSE,1,0.875,1,0.4,0.8,5,TRUE,9
"leftoverCandy","S454",435,FALSE,TRUE,FALSE,2,0.780487804878049,1,0.5,0.833333333333333,6,TRUE,9
"howManyEggCartons","S454",437,FALSE,TRUE,TRUE,15,0.216216216216216,3,0.428571428571429,0.857142857142857,7,FALSE,9
"kthDigit","S454",458,TRUE,TRUE,FALSE,1,0.121212121212121,3,0.375,0.875,8,FALSE,9
"nearestBusStop","S454",460,TRUE,TRUE,FALSE,1,0.137931034482759,2,0.444444444444444,0.888888888888889,9,FALSE,9
"overNineThousand","S454",461,TRUE,TRUE,FALSE,1,0.666666666666667,1,0.5,0.9,10,TRUE,9
"hasTwoDigits","S454",462,FALSE,TRUE,FALSE,3,0.37037037037037,2,0.545454545454545,0.909090909090909,11,FALSE,9
"helloWorld","S455",1197,FALSE,FALSE,FALSE,2,0.523076923076923,1,0.5,0.5,0,FALSE,9
"helloWorld","S534",187,TRUE,TRUE,FALSE,1,0.523076923076923,1,0.5,0.5,0,FALSE,9
"doubleX","S534",191,TRUE,TRUE,FALSE,1,0.95,1,1,1,1,TRUE,9
"raiseToPower","S534",193,TRUE,TRUE,FALSE,1,0.886792452830189,1,1,1,2,TRUE,9
"convertToDegrees","S534",203,TRUE,TRUE,FALSE,1,0.34,2,1,1,3,FALSE,9
"findRoot","S534",206,FALSE,TRUE,FALSE,3,0.486486486486487,1,1,1,4,TRUE,9
"intToFloat","S534",219,TRUE,TRUE,FALSE,1,0.875,1,0.8,1,5,TRUE,9
"leftoverCandy","S534",226,TRUE,TRUE,FALSE,1,0.780487804878049,1,0.833333333333333,1,6,TRUE,9
"howManyEggCartons","S534",238,TRUE,TRUE,FALSE,1,0.216216216216216,3,0.857142857142857,1,7,FALSE,9
"kthDigit","S534",243,TRUE,TRUE,FALSE,1,0.121212121212121,3,0.875,1,8,FALSE,9
"nearestBusStop","S534",308,FALSE,TRUE,FALSE,6,0.137931034482759,2,0.888888888888889,1,9,FALSE,9
"overNineThousand","S534",334,FALSE,TRUE,FALSE,2,0.666666666666667,1,0.8,1,10,TRUE,9
"hasTwoDigits","S534",339,TRUE,TRUE,FALSE,1,0.37037037037037,2,0.727272727272727,1,11,FALSE,9
"canDrinkAlcohol","S534",344,TRUE,TRUE,FALSE,1,0.32,3,0.75,1,12,FALSE,9
"isEvenPositiveInt","S534",357,TRUE,TRUE,FALSE,1,0.136363636363636,4,0.769230769230769,1,13,FALSE,9
"oneToN","S534",371,FALSE,TRUE,FALSE,9,0.227272727272727,7,0.785714285714286,1,14,FALSE,9
"backwardsCombine","S534",535,TRUE,TRUE,FALSE,1,0.727272727272727,1,0.733333333333333,1,15,TRUE,9
"firstAndLast","S534",536,FALSE,TRUE,FALSE,2,0.45,2,0.75,1,16,FALSE,9
"isPunctuation","S534",542,FALSE,FALSE,FALSE,3,0.115384615384615,2.5,0.705882352941177,1,17,FALSE,9
"helloWorld","S586",547,TRUE,TRUE,FALSE,1,0.523076923076923,1,0.5,0.5,0,FALSE,9
"doubleX","S586",548,TRUE,TRUE,FALSE,1,0.95,1,1,1,1,TRUE,9
"raiseToPower","S586",549,TRUE,TRUE,FALSE,1,0.886792452830189,1,1,1,2,TRUE,9
"convertToDegrees","S586",550,TRUE,TRUE,FALSE,1,0.34,2,1,1,3,FALSE,9
"findRoot","S586",551,FALSE,FALSE,FALSE,1,0.486486486486487,1,1,1,4,TRUE,9
"intToFloat","S586",552,TRUE,TRUE,FALSE,1,0.875,1,0.8,0.8,5,TRUE,9
"leftoverCandy","S586",553,TRUE,TRUE,FALSE,1,0.780487804878049,1,0.833333333333333,0.833333333333333,6,TRUE,9
"howManyEggCartons","S586",554,TRUE,TRUE,FALSE,1,0.216216216216216,3,0.857142857142857,0.857142857142857,7,FALSE,9
"kthDigit","S586",555,FALSE,TRUE,FALSE,9,0.121212121212121,3,0.875,0.875,8,FALSE,9
"nearestBusStop","S586",564,FALSE,TRUE,FALSE,16,0.137931034482759,2,0.777777777777778,0.888888888888889,9,FALSE,9
"overNineThousand","S586",580,TRUE,TRUE,FALSE,1,0.666666666666667,1,0.7,0.9,10,TRUE,9
"hasTwoDigits","S586",581,FALSE,TRUE,FALSE,4,0.37037037037037,2,0.727272727272727,0.909090909090909,11,FALSE,9
"canDrinkAlcohol","S586",588,TRUE,TRUE,FALSE,1,0.32,3,0.666666666666667,0.916666666666667,12,FALSE,9
"isEvenPositiveInt","S586",589,FALSE,TRUE,FALSE,3,0.136363636363636,4,0.692307692307692,0.923076923076923,13,FALSE,9
"oneToN","S586",608,FALSE,FALSE,FALSE,49,0.227272727272727,7,0.642857142857143,0.928571428571429,14,FALSE,9
"helloWorld","S587",9,FALSE,TRUE,FALSE,2,0.523076923076923,1,0.5,0.5,0,FALSE,9
"helloWorld","S588",824,FALSE,FALSE,FALSE,5,0.523076923076923,1,0.5,0.5,0,FALSE,9
"helloWorld","S749",755,FALSE,TRUE,FALSE,7,0.523076923076923,1,0.5,0.5,0,FALSE,9
"doubleX","S749",762,TRUE,TRUE,FALSE,1,0.95,1,0,1,1,TRUE,9
"raiseToPower","S749",764,TRUE,TRUE,FALSE,1,0.886792452830189,1,0.5,1,2,TRUE,9
"convertToDegrees","S749",765,TRUE,TRUE,FALSE,1,0.34,2,0.666666666666667,1,3,FALSE,9
"findRoot","S749",766,TRUE,TRUE,FALSE,1,0.486486486486487,1,0.75,1,4,FALSE,9
"intToFloat","S749",767,TRUE,TRUE,FALSE,1,0.875,1,0.8,1,5,TRUE,9
"leftoverCandy","S749",768,TRUE,TRUE,FALSE,1,0.780487804878049,1,0.833333333333333,1,6,TRUE,9
"howManyEggCartons","S749",770,FALSE,TRUE,FALSE,2,0.216216216216216,3,0.857142857142857,1,7,FALSE,9
"kthDigit","S749",772,FALSE,TRUE,FALSE,9,0.121212121212121,3,0.75,1,8,FALSE,9
"nearestBusStop","S749",785,FALSE,TRUE,FALSE,2,0.137931034482759,2,0.666666666666667,1,9,FALSE,9
"overNineThousand","S749",941,TRUE,TRUE,FALSE,1,0.666666666666667,1,0.6,1,10,TRUE,9
"hasTwoDigits","S749",942,TRUE,TRUE,FALSE,1,0.37037037037037,2,0.636363636363636,1,11,FALSE,9
